PaperID,Actual_C5,Predicted_C5_Raw,Predicted_C5,Absolute_Error,Squared_Error
2503485004,0.0,0.06420569,0.0,0.0,0.0
3044153706,0.0,0.062717676,0.0,0.0,0.0
2732991721,0.0,0.065118335,0.0,0.0,0.0
2596367661,0.0,0.06489597,0.0,0.0,0.0
2883756152,0.0,0.06472729,0.0,0.0,0.0
2769392983,0.0,0.062153406,0.0,0.0,0.0
2321196358,0.0,4.765569,5.0,5.0,25.0
2942356334,0.0,0.06413987,0.0,0.0,0.0
2614869236,0.0,0.06423515,0.0,0.0,0.0
2559086563,0.0,0.065315515,0.0,0.0,0.0
2508324632,0.0,0.06427622,0.0,0.0,0.0
2394916410,0.0,4.552705,5.0,5.0,25.0
2969722588,0.0,0.06372713,0.0,0.0,0.0
2412388350,0.0,4.832663,5.0,5.0,25.0
2519472099,0.0,0.06501,0.0,0.0,0.0
2571609705,0.0,0.06502297,0.0,0.0,0.0
2302464724,0.0,4.528111,5.0,5.0,25.0
2461429900,0.0,0.062428206,0.0,0.0,0.0
2479652143,0.0,0.06465144,0.0,0.0,0.0
2323505404,0.0,4.7127595,5.0,5.0,25.0
2574400999,0.0,0.06298403,0.0,0.0,0.0
2513867646,0.0,0.06461402,0.0,0.0,0.0
2517671726,0.0,0.06455113,0.0,0.0,0.0
2537012972,0.0,0.065278634,0.0,0.0,0.0
2969962769,0.0,0.06277997,0.0,0.0,0.0
2554197354,0.0,0.06391607,0.0,0.0,0.0
2728654223,0.0,0.06443605,0.0,0.0,0.0
2559928332,0.0,0.06360678,0.0,0.0,0.0
2804235166,0.0,0.06368968,0.0,0.0,0.0
2319859440,0.0,4.6088643,5.0,5.0,25.0
2561914144,0.0,0.06288956,0.0,0.0,0.0
2560621384,0.0,0.06541777,0.0,0.0,0.0
2334705459,0.0,4.650641,5.0,5.0,25.0
2555182261,0.0,0.06323581,0.0,0.0,0.0
2554649554,0.0,0.063289165,0.0,0.0,0.0
3156025002,0.0,0.063373536,0.0,0.0,0.0
2276400547,0.0,4.834172,5.0,5.0,25.0
2318809306,0.0,4.072741,4.0,4.0,16.0
2519913586,0.0,0.06373315,0.0,0.0,0.0
2484672277,0.0,0.06306962,0.0,0.0,0.0
2100466381,0.0,4.696339,5.0,5.0,25.0
2469250509,0.0,0.062964804,0.0,0.0,0.0
2988560277,0.0,0.066589214,0.0,0.0,0.0
2484019097,0.0,0.06332019,0.0,0.0,0.0
2259062717,0.0,4.7410083,5.0,5.0,25.0
2400258690,0.0,4.826657,5.0,5.0,25.0
3037167656,0.0,0.063809335,0.0,0.0,0.0
2520844432,0.0,0.06266879,0.0,0.0,0.0
2470436330,0.0,0.06335777,0.0,0.0,0.0
2557845462,0.0,0.06329986,0.0,0.0,0.0
2404433762,0.0,4.6485047,5.0,5.0,25.0
2516286242,0.0,0.06308914,0.0,0.0,0.0
2509604861,0.0,0.065173894,0.0,0.0,0.0
2443363048,0.0,3.2325966,3.0,3.0,9.0
2514574455,0.0,0.063356176,0.0,0.0,0.0
2610466055,0.0,0.06473691,0.0,0.0,0.0
2578285207,0.0,0.06394955,0.0,0.0,0.0
2605000696,0.0,0.06397489,0.0,0.0,0.0
2132123752,0.0,4.71254,5.0,5.0,25.0
2283563339,0.0,4.802049,5.0,5.0,25.0
2408780472,0.0,4.7492595,5.0,5.0,25.0
2751479465,0.0,0.06351515,0.0,0.0,0.0
2908479708,0.0,0.063117035,0.0,0.0,0.0
3187074322,0.0,0.06554509,0.0,0.0,0.0
2278268094,0.0,4.8344464,5.0,5.0,25.0
2994283139,0.0,0.06429888,0.0,0.0,0.0
2590977457,0.0,0.063968495,0.0,0.0,0.0
2339195997,0.0,4.742191,5.0,5.0,25.0
2413847120,0.0,4.7122893,5.0,5.0,25.0
2594802253,0.0,0.06281626,0.0,0.0,0.0
2608798555,0.0,0.06371566,0.0,0.0,0.0
2548579615,0.0,0.06304866,0.0,0.0,0.0
2585036411,0.0,0.06445567,0.0,0.0,0.0
2487242193,0.0,0.06448317,0.0,0.0,0.0
2305740156,0.0,4.792685,5.0,5.0,25.0
2568770124,0.0,0.06521176,0.0,0.0,0.0
2514888036,0.0,0.064251944,0.0,0.0,0.0
2551263380,0.0,0.06468626,0.0,0.0,0.0
2406447350,0.0,4.3582087,4.0,4.0,16.0
2257995671,0.0,4.7647758,5.0,5.0,25.0
2521119046,0.0,0.06451502,0.0,0.0,0.0
2989881074,0.0,0.06379027,0.0,0.0,0.0
2767770652,0.0,0.06305057,0.0,0.0,0.0
2787935642,0.0,0.06363421,0.0,0.0,0.0
2950232428,0.0,0.064871125,0.0,0.0,0.0
2522629303,0.0,0.06392352,0.0,0.0,0.0
3165765632,0.0,0.06260907,0.0,0.0,0.0
2971147009,0.0,0.06598244,0.0,0.0,0.0
2341025179,0.0,4.816851,5.0,5.0,25.0
2342261132,0.0,4.7912498,5.0,5.0,25.0
2495424593,0.0,0.06391679,0.0,0.0,0.0
2536784613,0.0,0.06485019,0.0,0.0,0.0
2903747346,0.0,0.06465281,0.0,0.0,0.0
2904408096,0.0,0.06218636,0.0,0.0,0.0
2338736900,0.0,4.776323,5.0,5.0,25.0
2982391135,0.0,0.06505635,0.0,0.0,0.0
2729778485,0.0,0.06373015,0.0,0.0,0.0
2488906477,0.0,0.064474165,0.0,0.0,0.0
3003005809,0.0,0.06370553,0.0,0.0,0.0
2151237530,0.0,4.830808,5.0,5.0,25.0
2509845671,0.0,0.062438585,0.0,0.0,0.0
2499854788,0.0,0.064927146,0.0,0.0,0.0
2429905781,0.0,4.7554317,5.0,5.0,25.0
2278755778,0.0,4.8369756,5.0,5.0,25.0
2963294722,0.0,0.06638356,0.0,0.0,0.0
2527141408,0.0,0.064630985,0.0,0.0,0.0
2559442021,0.0,0.06385686,0.0,0.0,0.0
2559100309,0.0,0.06398152,0.0,0.0,0.0
2289450329,0.0,4.758676,5.0,5.0,25.0
2516499321,0.0,0.064181834,0.0,0.0,0.0
2467768888,0.0,0.06395958,0.0,0.0,0.0
2290267295,0.0,1.1559508,1.0,1.0,1.0
2465872197,0.0,0.063893616,0.0,0.0,0.0
953730561,0.0,4.49982,4.0,4.0,16.0
2311388364,0.0,4.8154683,5.0,5.0,25.0
2528736989,0.0,0.065558225,0.0,0.0,0.0
2494000909,0.0,0.06540831,0.0,0.0,0.0
3105820251,0.0,0.065233245,0.0,0.0,0.0
2483480878,0.0,0.06583824,0.0,0.0,0.0
2586514540,0.0,0.06287544,0.0,0.0,0.0
2606488070,0.0,0.06316732,0.0,0.0,0.0
2741556208,0.0,0.06361729,0.0,0.0,0.0
2257528849,0.0,4.791014,5.0,5.0,25.0
2495080522,0.0,0.06491379,0.0,0.0,0.0
3122873542,0.0,0.06367118,0.0,0.0,0.0
2563177824,0.0,0.0649554,0.0,0.0,0.0
2530861441,0.0,0.065853626,0.0,0.0,0.0
2509796146,0.0,0.063336164,0.0,0.0,0.0
2292881640,0.0,4.6856284,5.0,5.0,25.0
2327967246,0.0,4.683163,5.0,5.0,25.0
2500510400,0.0,0.063603036,0.0,0.0,0.0
2487626073,0.0,0.06403857,0.0,0.0,0.0
3028173955,0.0,0.063430704,0.0,0.0,0.0
2570459379,0.0,0.06346404,0.0,0.0,0.0
2734985556,0.0,0.06494157,0.0,0.0,0.0
2484463813,0.0,0.06385466,0.0,0.0,0.0
2734554632,0.0,0.06271995,0.0,0.0,0.0
2485072567,0.0,0.06483255,0.0,0.0,0.0
2325746211,0.0,4.6425614,5.0,5.0,25.0
2588967635,0.0,0.0654991,0.0,0.0,0.0
2344633024,0.0,4.8415217,5.0,5.0,25.0
2486767183,0.0,0.06464218,0.0,0.0,0.0
2515390789,0.0,0.06444994,0.0,0.0,0.0
2746981956,0.0,0.06431927,0.0,0.0,0.0
2377320295,0.0,4.7337317,5.0,5.0,25.0
2273246943,0.0,4.5944915,5.0,5.0,25.0
2523909941,0.0,0.06531093,0.0,0.0,0.0
2534269790,0.0,0.063939705,0.0,0.0,0.0
2303232762,0.0,4.749871,5.0,5.0,25.0
2572228473,0.0,0.065530896,0.0,0.0,0.0
2312402927,0.0,4.590772,5.0,5.0,25.0
2507713761,0.0,0.0652832,0.0,0.0,0.0
2276770582,0.0,4.7235694,5.0,5.0,25.0
2968604841,0.0,0.06365022,0.0,0.0,0.0
2095879705,0.0,4.841577,5.0,5.0,25.0
2555217722,0.0,0.06395035,0.0,0.0,0.0
2554520474,0.0,0.06391636,0.0,0.0,0.0
2516757497,0.0,0.06456564,0.0,0.0,0.0
2523024307,0.0,0.063926466,0.0,0.0,0.0
2591680539,0.0,0.064019024,0.0,0.0,0.0
2505733198,0.0,0.06522711,0.0,0.0,0.0
2515518384,0.0,0.06388319,0.0,0.0,0.0
2556205659,0.0,0.06276057,0.0,0.0,0.0
1517092058,0.0,4.7681184,5.0,5.0,25.0
2337391212,0.0,4.811085,5.0,5.0,25.0
2338701442,0.0,4.825992,5.0,5.0,25.0
2333152771,0.0,4.624345,5.0,5.0,25.0
3010645205,0.0,0.063686445,0.0,0.0,0.0
2513531499,0.0,0.064379595,0.0,0.0,0.0
2564462203,0.0,0.06433186,0.0,0.0,0.0
2782538748,0.0,0.06354087,0.0,0.0,0.0
2546143793,0.0,0.06175625,0.0,0.0,0.0
2412210266,0.0,4.837895,5.0,5.0,25.0
2345053462,0.0,4.744884,5.0,5.0,25.0
2513746949,0.0,0.06300403,0.0,0.0,0.0
2587892678,0.0,0.06511195,0.0,0.0,0.0
2474395020,0.0,0.06389202,0.0,0.0,0.0
2311762640,0.0,4.8066764,5.0,5.0,25.0
2507144351,0.0,0.06467837,0.0,0.0,0.0
2319205118,0.0,4.787146,5.0,5.0,25.0
2465634581,0.0,0.0633237,0.0,0.0,0.0
2580573129,0.0,0.06477081,0.0,0.0,0.0
2474933644,0.0,0.065772444,0.0,0.0,0.0
2394954688,0.0,4.784796,5.0,5.0,25.0
2467616250,0.0,0.06364566,0.0,0.0,0.0
2579420414,0.0,0.06529031,0.0,0.0,0.0
2524882811,0.0,0.063402,0.0,0.0,0.0
2502140969,0.0,0.06567608,0.0,0.0,0.0
2487913882,0.0,0.06320968,0.0,0.0,0.0
2231569291,0.0,4.8438106,5.0,5.0,25.0
2552629293,0.0,0.06472375,0.0,0.0,0.0
2606479341,0.0,0.062412176,0.0,0.0,0.0
2991852183,0.0,0.06486245,0.0,0.0,0.0
2523437409,0.0,0.06398599,0.0,0.0,0.0
2508815977,0.0,0.062371813,0.0,0.0,0.0
2503055637,0.0,0.06591574,0.0,0.0,0.0
2519478836,0.0,0.06410767,0.0,0.0,0.0
2475766862,0.0,0.06278756,0.0,0.0,0.0
2040760165,0.0,4.678618,5.0,5.0,25.0
2749405115,0.0,0.064967096,0.0,0.0,0.0
2777970073,0.0,0.063504696,0.0,0.0,0.0
2883375549,0.0,0.065164424,0.0,0.0,0.0
2791817426,0.0,0.06579824,0.0,0.0,0.0
2564598529,0.0,0.06273783,0.0,0.0,0.0
2543350922,0.0,0.06358032,0.0,0.0,0.0
2570786725,0.0,0.06418766,0.0,0.0,0.0
2522029197,0.0,0.063948646,0.0,0.0,0.0
2340542729,0.0,4.7800794,5.0,5.0,25.0
2550991420,0.0,0.06558882,0.0,0.0,0.0
2461695765,0.0,0.06312469,0.0,0.0,0.0
2909191942,0.0,0.06315378,0.0,0.0,0.0
2515671032,0.0,0.06524644,0.0,0.0,0.0
2902316835,0.0,0.06412868,0.0,0.0,0.0
2562502728,0.0,0.06275331,0.0,0.0,0.0
2266566412,0.0,4.6158996,5.0,5.0,25.0
2305201070,0.0,4.8417344,5.0,5.0,25.0
2549916228,0.0,0.06336333,0.0,0.0,0.0
2727263181,0.0,0.063928805,0.0,0.0,0.0
3124091022,0.0,0.06421764,0.0,0.0,0.0
3113645997,0.0,0.06593061,0.0,0.0,0.0
2786905136,0.0,0.065321535,0.0,0.0,0.0
2887614930,0.0,0.0646776,0.0,0.0,0.0
2419226111,0.0,4.7486014,5.0,5.0,25.0
2520020127,0.0,0.06401507,0.0,0.0,0.0
2485915582,0.0,0.06409505,0.0,0.0,0.0
2497653178,0.0,0.06607571,0.0,0.0,0.0
2344974533,0.0,4.6238008,5.0,5.0,25.0
3021556926,0.0,0.06535641,0.0,0.0,0.0
2786004231,0.0,0.06289631,0.0,0.0,0.0
2534039161,0.0,0.06513861,0.0,0.0,0.0
2336438929,0.0,4.841122,5.0,5.0,25.0
2406270562,0.0,4.795878,5.0,5.0,25.0
2563656572,0.0,0.06394722,0.0,0.0,0.0
2560662851,0.0,0.06467313,0.0,0.0,0.0
2343647534,0.0,4.734758,5.0,5.0,25.0
2563712069,0.0,0.06404856,0.0,0.0,0.0
2603260554,0.0,0.06402677,0.0,0.0,0.0
2278107872,0.0,4.5776887,5.0,5.0,25.0
2174824648,0.0,4.5970435,5.0,5.0,25.0
2533622602,0.0,0.06489042,0.0,0.0,0.0
2473832763,0.0,0.06332548,0.0,0.0,0.0
2566347832,0.0,0.064191245,0.0,0.0,0.0
2379909769,0.0,4.6569343,5.0,5.0,25.0
3151851485,0.0,0.0650214,0.0,0.0,0.0
2624969215,0.0,0.06304373,0.0,0.0,0.0
2773428570,0.0,0.0637855,0.0,0.0,0.0
2595244790,0.0,0.061795406,0.0,0.0,0.0
2272173953,0.0,4.648355,5.0,5.0,25.0
2341633310,0.0,4.709636,5.0,5.0,25.0
2508099492,0.0,0.06351676,0.0,0.0,0.0
2567714987,0.0,0.06182442,0.0,0.0,0.0
2308245486,0.0,4.723121,5.0,5.0,25.0
2463915214,0.0,0.06382047,0.0,0.0,0.0
2340702952,0.0,4.813791,5.0,5.0,25.0
2330926690,0.0,4.684983,5.0,5.0,25.0
16194193,0.0,4.804788,5.0,5.0,25.0
2467510688,0.0,0.063334644,0.0,0.0,0.0
2548632448,0.0,0.06422728,0.0,0.0,0.0
2413525711,0.0,4.8439355,5.0,5.0,25.0
2551781608,0.0,0.06456635,0.0,0.0,0.0
2467898047,0.0,0.06352854,0.0,0.0,0.0
2556929291,0.0,0.06376718,0.0,0.0,0.0
2531462807,0.0,0.06439013,0.0,0.0,0.0
2559501817,0.0,0.06432322,0.0,0.0,0.0
2522136251,0.0,0.06452821,0.0,0.0,0.0
2781782279,0.0,0.06370406,0.0,0.0,0.0
2555452937,0.0,0.06431018,0.0,0.0,0.0
2566995594,0.0,0.06319977,0.0,0.0,0.0
2191253699,0.0,4.8319917,5.0,5.0,25.0
2468952178,0.0,0.06432445,0.0,0.0,0.0
2539152335,0.0,0.065688,0.0,0.0,0.0
2530410505,0.0,0.06397624,0.0,0.0,0.0
2587768621,0.0,0.06461766,0.0,0.0,0.0
1422257525,0.0,4.0467935,4.0,4.0,16.0
2972422725,0.0,0.06484058,0.0,0.0,0.0
2273693258,0.0,4.58911,5.0,5.0,25.0
2791830221,0.0,0.06270184,0.0,0.0,0.0
2522868193,0.0,0.06288348,0.0,0.0,0.0
2803258764,0.0,0.06403032,0.0,0.0,0.0
2769874460,0.0,0.0642654,0.0,0.0,0.0
2566140566,0.0,0.06520383,0.0,0.0,0.0
2568254606,0.0,0.06410402,0.0,0.0,0.0
3025628435,0.0,0.06343291,0.0,0.0,0.0
2528409112,0.0,0.06153816,0.0,0.0,0.0
2581305167,0.0,0.06472682,0.0,0.0,0.0
2498825307,0.0,0.065282054,0.0,0.0,0.0
2341425037,0.0,4.803784,5.0,5.0,25.0
2338840289,0.0,4.791762,5.0,5.0,25.0
2506637367,0.0,0.06417607,0.0,0.0,0.0
2728888879,0.0,0.063347474,0.0,0.0,0.0
2525191565,0.0,0.06412651,0.0,0.0,0.0
2327131263,0.0,4.622185,5.0,5.0,25.0
2484721706,0.0,0.06408301,0.0,0.0,0.0
3173583643,0.0,0.06315763,0.0,0.0,0.0
2886990264,0.0,0.06384281,0.0,0.0,0.0
2520673662,0.0,0.063185036,0.0,0.0,0.0
2324517584,0.0,4.833175,5.0,5.0,25.0
3109931088,0.0,0.064896554,0.0,0.0,0.0
2209005555,0.0,4.72119,5.0,5.0,25.0
2120473306,0.0,4.760054,5.0,5.0,25.0
2605282293,0.0,0.06440603,0.0,0.0,0.0
2554371855,0.0,0.06521705,0.0,0.0,0.0
2998911541,0.0,0.06452142,0.0,0.0,0.0
2338983664,0.0,4.8378873,5.0,5.0,25.0
2531875769,0.0,0.06461083,0.0,0.0,0.0
2506528270,0.0,0.06306735,0.0,0.0,0.0
2528064123,0.0,0.066262975,0.0,0.0,0.0
2911914993,0.0,0.06375092,0.0,0.0,0.0
2971907470,0.0,0.06271736,0.0,0.0,0.0
2569434291,0.0,0.06564124,0.0,0.0,0.0
2591516544,0.0,0.06347215,0.0,0.0,0.0
2581099436,0.0,0.06278552,0.0,0.0,0.0
2581148115,0.0,0.06429802,0.0,0.0,0.0
2604756499,0.0,0.06516363,0.0,0.0,0.0
2732372899,0.0,0.0661926,0.0,0.0,0.0
2460181006,0.0,4.8204417,5.0,5.0,25.0
2520784797,0.0,0.064067885,0.0,0.0,0.0
2483627924,0.0,0.06479105,0.0,0.0,0.0
2345920841,0.0,4.746391,5.0,5.0,25.0
2490476462,0.0,0.06541374,0.0,0.0,0.0
2552254542,0.0,0.063992575,0.0,0.0,0.0
2324393959,0.0,4.6165366,5.0,5.0,25.0
2587048974,0.0,0.06403522,0.0,0.0,0.0
2565022745,0.0,0.06437184,0.0,0.0,0.0
2744863375,0.0,0.06341748,0.0,0.0,0.0
2495802574,0.0,0.06428668,0.0,0.0,0.0
2553179956,0.0,0.06269929,0.0,0.0,0.0
2253815592,0.0,4.641746,5.0,5.0,25.0
2566724596,0.0,0.06458247,0.0,0.0,0.0
2524273622,0.0,0.062874556,0.0,0.0,0.0
2469964851,0.0,0.06450536,0.0,0.0,0.0
2507392394,0.0,0.062454708,0.0,0.0,0.0
3151195818,0.0,0.062395904,0.0,0.0,0.0
2474806069,0.0,0.06272276,0.0,0.0,0.0
2270188661,0.0,4.7747054,5.0,5.0,25.0
2888772352,0.0,0.06296584,0.0,0.0,0.0
2509805062,0.0,0.06427496,0.0,0.0,0.0
2538742570,0.0,0.06410625,0.0,0.0,0.0
2486378111,0.0,0.06325035,0.0,0.0,0.0
3150813692,0.0,0.065183796,0.0,0.0,0.0
2606775857,0.0,0.06465289,0.0,0.0,0.0
2333414141,0.0,4.7814336,5.0,5.0,25.0
2313439932,0.0,4.8050475,5.0,5.0,25.0
2612044467,0.0,0.06359676,0.0,0.0,0.0
2337837169,0.0,4.7347903,5.0,5.0,25.0
2604537340,0.0,0.0631358,0.0,0.0,0.0
2325601824,0.0,4.7864985,5.0,5.0,25.0
2557025637,0.0,0.064554416,0.0,0.0,0.0
2339301539,0.0,4.774071,5.0,5.0,25.0
2949465698,0.0,0.06450857,0.0,0.0,0.0
3111483538,0.0,0.06319234,0.0,0.0,0.0
2508274717,0.0,0.064223185,0.0,0.0,0.0
2764234166,0.0,0.06497231,0.0,0.0,0.0
2417193842,0.0,4.820996,5.0,5.0,25.0
3010515205,0.0,0.06295134,0.0,0.0,0.0
2296576088,0.0,4.8055606,5.0,5.0,25.0
2551718468,0.0,0.06314708,0.0,0.0,0.0
2327860094,0.0,4.7166276,5.0,5.0,25.0
2618699894,0.0,0.06490172,0.0,0.0,0.0
2802151046,0.0,0.062496975,0.0,0.0,0.0
2903848347,0.0,0.065095544,0.0,0.0,0.0
2475044868,0.0,0.064353675,0.0,0.0,0.0
2592162520,0.0,0.06441642,0.0,0.0,0.0
2343990459,0.0,4.825299,5.0,5.0,25.0
2340173183,0.0,4.6737857,5.0,5.0,25.0
2342021484,0.0,4.7458053,5.0,5.0,25.0
2479403116,0.0,0.064320624,0.0,0.0,0.0
2752731180,0.0,0.06263837,0.0,0.0,0.0
2539244668,0.0,0.063367024,0.0,0.0,0.0
3187355413,0.0,0.06583002,0.0,0.0,0.0
2856626544,0.0,0.06313145,0.0,0.0,0.0
2528214116,0.0,0.06452535,0.0,0.0,0.0
2174967110,0.0,4.8211875,5.0,5.0,25.0
2468011722,0.0,0.06344425,0.0,0.0,0.0
3004349378,0.0,0.06504946,0.0,0.0,0.0
2617395945,0.0,0.0641813,0.0,0.0,0.0
2520673756,0.0,0.06433263,0.0,0.0,0.0
2611008068,0.0,0.06481632,0.0,0.0,0.0
2153674083,0.0,4.766643,5.0,5.0,25.0
2769129004,0.0,0.06311075,0.0,0.0,0.0
2551236593,0.0,0.06407594,0.0,0.0,0.0
2529777642,0.0,0.0645938,0.0,0.0,0.0
2497390436,0.0,0.06480424,0.0,0.0,0.0
2586671640,0.0,0.0628337,0.0,0.0,0.0
2263113272,0.0,4.535152,5.0,5.0,25.0
2507735792,0.0,0.06342699,0.0,0.0,0.0
1902059877,0.0,4.827788,5.0,5.0,25.0
2197881981,0.0,4.724812,5.0,5.0,25.0
2781657643,0.0,0.06386882,0.0,0.0,0.0
2585946463,0.0,0.06322703,0.0,0.0,0.0
2598317507,0.0,0.065327376,0.0,0.0,0.0
2408415448,0.0,4.706226,5.0,5.0,25.0
1965147691,0.0,4.7558,5.0,5.0,25.0
598756518,0.0,4.753363,5.0,5.0,25.0
2265885385,0.0,4.8351836,5.0,5.0,25.0
2894380538,0.0,0.062469702,0.0,0.0,0.0
2373121448,0.0,4.7119956,5.0,5.0,25.0
2173525056,0.0,4.797045,5.0,5.0,25.0
2347744927,0.0,4.7840333,5.0,5.0,25.0
2768659545,0.0,0.06597379,0.0,0.0,0.0
3204885623,0.0,0.0640861,0.0,0.0,0.0
2538333909,0.0,0.06307058,0.0,0.0,0.0
2276302614,0.0,4.841512,5.0,5.0,25.0
2785605309,0.0,0.06367981,0.0,0.0,0.0
2231310027,0.0,4.796697,5.0,5.0,25.0
2342695522,0.0,4.8179297,5.0,5.0,25.0
2328991621,0.0,4.768333,5.0,5.0,25.0
2516856487,0.0,0.06472348,0.0,0.0,0.0
2738706920,0.0,0.06389357,0.0,0.0,0.0
3101598763,0.0,0.06483272,0.0,0.0,0.0
603182787,0.0,4.7911296,5.0,5.0,25.0
2977681680,0.0,0.06274336,0.0,0.0,0.0
2552399747,0.0,0.064496584,0.0,0.0,0.0
2406313884,0.0,4.666514,5.0,5.0,25.0
2480678247,0.0,0.06388601,0.0,0.0,0.0
2464362360,0.0,0.0639946,0.0,0.0,0.0
2512359979,0.0,0.0632945,0.0,0.0,0.0
3008298425,0.0,0.06431461,0.0,0.0,0.0
2944267307,0.0,0.06254085,0.0,0.0,0.0
2602384186,0.0,0.06271973,0.0,0.0,0.0
2581893500,0.0,0.06566657,0.0,0.0,0.0
2592424359,0.0,0.062004134,0.0,0.0,0.0
2523374708,0.0,0.06321792,0.0,0.0,0.0
2566154697,0.0,0.06287413,0.0,0.0,0.0
2911789349,0.0,0.06333365,0.0,0.0,0.0
2550938755,0.0,0.06366909,0.0,0.0,0.0
2514679756,0.0,0.065367185,0.0,0.0,0.0
791834320,0.0,4.7713695,5.0,5.0,25.0
2560210602,0.0,0.06349849,0.0,0.0,0.0
2528574565,0.0,0.063156724,0.0,0.0,0.0
2395214595,0.0,4.683985,5.0,5.0,25.0
3012831462,0.0,0.064290375,0.0,0.0,0.0
2943319844,0.0,0.06369597,0.0,0.0,0.0
2435724638,0.0,4.77119,5.0,5.0,25.0
3117647974,0.0,0.06338644,0.0,0.0,0.0
2562675745,0.0,0.06424074,0.0,0.0,0.0
2536267295,0.0,0.062826976,0.0,0.0,0.0
3006155840,0.0,0.06242919,0.0,0.0,0.0
2735452001,0.0,0.06368658,0.0,0.0,0.0
2499524709,0.0,0.0641913,0.0,0.0,0.0
2900191476,0.0,0.06285215,0.0,0.0,0.0
2554636060,0.0,0.06466297,0.0,0.0,0.0
2552674166,0.0,0.0629525,0.0,0.0,0.0
2328577017,0.0,2.3019755,2.0,2.0,4.0
2954720611,0.0,0.06495321,0.0,0.0,0.0
2560318085,0.0,0.063035935,0.0,0.0,0.0
2487559223,0.0,0.062180214,0.0,0.0,0.0
2414919289,0.0,4.809112,5.0,5.0,25.0
2483007186,0.0,0.06385265,0.0,0.0,0.0
2888702011,0.0,0.064174265,0.0,0.0,0.0
2481572358,0.0,0.06429194,0.0,0.0,0.0
2563562346,0.0,0.06678007,0.0,0.0,0.0
2489319859,0.0,0.06543604,0.0,0.0,0.0
2475449693,0.0,0.063632324,0.0,0.0,0.0
2497589666,0.0,0.062417105,0.0,0.0,0.0
2471703932,0.0,0.06320271,0.0,0.0,0.0
3088133130,0.0,0.061515924,0.0,0.0,0.0
2484053992,0.0,0.06245232,0.0,0.0,0.0
2979577266,0.0,0.06203255,0.0,0.0,0.0
2528114849,0.0,0.063946515,0.0,0.0,0.0
2506985012,0.0,0.06303041,0.0,0.0,0.0
2554843720,0.0,0.064762816,0.0,0.0,0.0
2396730063,0.0,4.646216,5.0,5.0,25.0
2914393669,0.0,0.06216998,0.0,0.0,0.0
2523374932,0.0,0.063843064,0.0,0.0,0.0
2888035258,0.0,0.06357644,0.0,0.0,0.0
2604617652,0.0,0.0653439,0.0,0.0,0.0
2516512011,0.0,0.06457962,0.0,0.0,0.0
2509910831,0.0,0.065302014,0.0,0.0,0.0
2525432021,0.0,0.06306039,0.0,0.0,0.0
3132776137,0.0,0.064572975,0.0,0.0,0.0
2492089680,0.0,0.06384175,0.0,0.0,0.0
3120872446,0.0,0.062958926,0.0,0.0,0.0
2259768474,0.0,4.830379,5.0,5.0,25.0
2889729227,0.0,0.06442322,0.0,0.0,0.0
2593101544,0.0,0.065311044,0.0,0.0,0.0
2435798608,0.0,4.8107276,5.0,5.0,25.0
2501596239,0.0,0.06372447,0.0,0.0,0.0
2509197877,0.0,0.0644345,0.0,0.0,0.0
2613126766,0.0,0.06522875,0.0,0.0,0.0
2524699709,0.0,0.06360229,0.0,0.0,0.0
2970214573,0.0,0.064250514,0.0,0.0,0.0
2277983418,0.0,4.582005,5.0,5.0,25.0
1957052087,0.0,4.827678,5.0,5.0,25.0
2561294849,0.0,0.063643366,0.0,0.0,0.0
2345670028,0.0,4.8342786,5.0,5.0,25.0
2522777159,0.0,0.06518747,0.0,0.0,0.0
2551683449,0.0,0.06348419,0.0,0.0,0.0
2724473176,0.0,0.06453176,0.0,0.0,0.0
2886502292,0.0,0.06542856,0.0,0.0,0.0
1647518983,0.0,4.7070565,5.0,5.0,25.0
2372570049,0.0,4.746778,5.0,5.0,25.0
2183325350,0.0,4.8368535,5.0,5.0,25.0
2495091255,0.0,0.06320861,0.0,0.0,0.0
2562791266,0.0,0.06364599,0.0,0.0,0.0
2616337703,0.0,0.06373696,0.0,0.0,0.0
2418257761,0.0,4.8262553,5.0,5.0,25.0
2735854607,0.0,0.06540451,0.0,0.0,0.0
2334297669,0.0,4.8393006,5.0,5.0,25.0
2337044840,0.0,4.739493,5.0,5.0,25.0
2500291199,0.0,0.06347722,0.0,0.0,0.0
2470400713,0.0,0.063817665,0.0,0.0,0.0
1592664800,0.0,4.7492766,5.0,5.0,25.0
2460679636,0.0,4.834459,5.0,5.0,25.0
2612007920,0.0,0.06289053,0.0,0.0,0.0
2727326326,0.0,0.06314415,0.0,0.0,0.0
2472158946,0.0,0.06517531,0.0,0.0,0.0
2617774856,0.0,0.06337093,0.0,0.0,0.0
2504306041,0.0,0.062565096,0.0,0.0,0.0
2558081548,0.0,0.06451849,0.0,0.0,0.0
2620636477,0.0,0.06322381,0.0,0.0,0.0
2332853042,0.0,4.80001,5.0,5.0,25.0
2563651121,0.0,0.063551106,0.0,0.0,0.0
1810252312,0.0,4.6583676,5.0,5.0,25.0
3194944900,0.0,0.0650492,0.0,0.0,0.0
2603070858,0.0,0.06349054,0.0,0.0,0.0
2545106574,0.0,0.064996734,0.0,0.0,0.0
2963594974,0.0,0.06337449,0.0,0.0,0.0
2465352848,0.0,0.062356297,0.0,0.0,0.0
2616531331,0.0,0.06426378,0.0,0.0,0.0
2419405970,0.0,4.697166,5.0,5.0,25.0
2344599471,0.0,4.813993,5.0,5.0,25.0
2560252948,0.0,0.06255679,0.0,0.0,0.0
2386407508,0.0,4.798989,5.0,5.0,25.0
2497348312,0.0,0.06435792,0.0,0.0,0.0
2561803241,0.0,0.06290849,0.0,0.0,0.0
2087104433,0.0,4.798309,5.0,5.0,25.0
3156515833,0.0,0.0632156,0.0,0.0,0.0
2407729097,0.0,4.8252378,5.0,5.0,25.0
2774327039,0.0,0.064893305,0.0,0.0,0.0
2327758749,0.0,4.8179755,5.0,5.0,25.0
2279542367,0.0,4.7110314,5.0,5.0,25.0
2314480833,0.0,4.639975,5.0,5.0,25.0
3015265239,0.0,0.06322077,0.0,0.0,0.0
2506949109,0.0,0.062841766,0.0,0.0,0.0
3005086882,0.0,0.0638168,0.0,0.0,0.0
2341711164,0.0,4.82783,5.0,5.0,25.0
2509397517,0.0,0.06262526,0.0,0.0,0.0
2509865522,0.0,0.065014884,0.0,0.0,0.0
2512386311,0.0,0.063191116,0.0,0.0,0.0
578694155,0.0,4.8024974,5.0,5.0,25.0
2497954475,0.0,0.06405041,0.0,0.0,0.0
2963349098,0.0,0.06550733,0.0,0.0,0.0
2556305663,0.0,0.06319784,0.0,0.0,0.0
2773871303,0.0,0.06623881,0.0,0.0,0.0
2563467689,0.0,0.06227732,0.0,0.0,0.0
2522247390,0.0,0.06399617,0.0,0.0,0.0
2593589919,0.0,0.06459247,0.0,0.0,0.0
2592387143,0.0,0.06296691,0.0,0.0,0.0
2941872573,0.0,0.065647,0.0,0.0,0.0
2550327521,0.0,0.06313575,0.0,0.0,0.0
2529545080,0.0,0.06393286,0.0,0.0,0.0
2400345900,0.0,4.769589,5.0,5.0,25.0
2581334204,0.0,0.06425317,0.0,0.0,0.0
2517162040,0.0,0.063686386,0.0,0.0,0.0
2588564375,0.0,0.063816965,0.0,0.0,0.0
2354520472,0.0,4.769921,5.0,5.0,25.0
2507499642,0.0,0.0625343,0.0,0.0,0.0
2970407594,0.0,0.06455826,0.0,0.0,0.0
2745512993,0.0,0.06380379,0.0,0.0,0.0
2320022178,0.0,4.7494645,5.0,5.0,25.0
2505105731,0.0,0.06193222,0.0,0.0,0.0
2562619507,0.0,0.0646999,0.0,0.0,0.0
2972372701,0.0,0.06553234,0.0,0.0,0.0
2407869568,0.0,4.7131267,5.0,5.0,25.0
2521885221,0.0,0.0628795,0.0,0.0,0.0
2342488869,0.0,4.8366494,5.0,5.0,25.0
2479112494,0.0,0.063317426,0.0,0.0,0.0
2602822376,0.0,0.06624833,0.0,0.0,0.0
2552526525,0.0,0.06314264,0.0,0.0,0.0
2405927464,0.0,4.841372,5.0,5.0,25.0
2786581577,0.0,0.063296475,0.0,0.0,0.0
2515101980,0.0,0.06433703,0.0,0.0,0.0
2561006767,0.0,0.064701535,0.0,0.0,0.0
2528873862,0.0,0.06292959,0.0,0.0,0.0
2333007487,0.0,4.6228366,5.0,5.0,25.0
2594997576,0.0,0.062915914,0.0,0.0,0.0
2491185695,0.0,0.0643282,0.0,0.0,0.0
130953950,0.0,4.788608,5.0,5.0,25.0
2911960869,0.0,0.06576851,0.0,0.0,0.0
2552071022,0.0,0.062564224,0.0,0.0,0.0
2541222759,0.0,0.062922835,0.0,0.0,0.0
2475200295,0.0,0.06430211,0.0,0.0,0.0
2397027502,0.0,4.742247,5.0,5.0,25.0
2509700133,0.0,0.066435546,0.0,0.0,0.0
2625319953,0.0,0.06661324,0.0,0.0,0.0
2402323268,0.0,4.8260484,5.0,5.0,25.0
2945700604,0.0,0.06408054,0.0,0.0,0.0
2295788101,0.0,4.769254,5.0,5.0,25.0
2397709525,0.0,4.7165465,5.0,5.0,25.0
2980596407,0.0,0.06384044,0.0,0.0,0.0
3156897407,0.0,0.06326682,0.0,0.0,0.0
2508431749,0.0,0.06441793,0.0,0.0,0.0
2284173061,0.0,4.6682153,5.0,5.0,25.0
2744819375,0.0,0.06318098,0.0,0.0,0.0
2547002985,0.0,0.06592786,0.0,0.0,0.0
2314388847,0.0,4.7540517,5.0,5.0,25.0
2484140414,0.0,0.0649896,0.0,0.0,0.0
2090696193,0.0,4.839167,5.0,5.0,25.0
2220402090,0.0,4.730205,5.0,5.0,25.0
2557431986,0.0,0.06545411,0.0,0.0,0.0
2480407469,0.0,0.06460613,0.0,0.0,0.0
2586069986,0.0,0.06511338,0.0,0.0,0.0
2549249946,0.0,0.06499737,0.0,0.0,0.0
2556384949,0.0,0.06413025,0.0,0.0,0.0
2526565432,0.0,0.06365825,0.0,0.0,0.0
3113925013,0.0,0.06264125,0.0,0.0,0.0
2178937947,0.0,4.802833,5.0,5.0,25.0
2492316469,0.0,0.064179584,0.0,0.0,0.0
2281483479,0.0,4.813228,5.0,5.0,25.0
2336469189,0.0,4.841168,5.0,5.0,25.0
2562806580,0.0,0.06381787,0.0,0.0,0.0
2195103503,0.0,4.6332517,5.0,5.0,25.0
2560660120,0.0,0.065691255,0.0,0.0,0.0
2345973394,0.0,4.8094363,5.0,5.0,25.0
2578074299,0.0,0.06362033,0.0,0.0,0.0
2917168124,0.0,0.064404994,0.0,0.0,0.0
2549297358,0.0,0.06400567,0.0,0.0,0.0
2598885042,0.0,0.063228875,0.0,0.0,0.0
2349187201,0.0,4.836164,5.0,5.0,25.0
2513231745,0.0,0.062847435,0.0,0.0,0.0
2737333956,0.0,0.06264019,0.0,0.0,0.0
2895425460,0.0,0.06486258,0.0,0.0,0.0
2504303729,0.0,0.06452873,0.0,0.0,0.0
2239488745,0.0,4.834438,5.0,5.0,25.0
2338052684,0.0,4.8108487,5.0,5.0,25.0
2521472751,0.0,0.06396242,0.0,0.0,0.0
2772792424,0.0,0.064763255,0.0,0.0,0.0
2610342261,0.0,0.06287958,0.0,0.0,0.0
2561033482,0.0,0.06422736,0.0,0.0,0.0
2531528301,0.0,0.06438868,0.0,0.0,0.0
2575705559,0.0,0.062762335,0.0,0.0,0.0
2316959493,0.0,3.3998415,3.0,3.0,9.0
2531772026,0.0,0.06337141,0.0,0.0,0.0
2361262937,0.0,4.83691,5.0,5.0,25.0
2507361479,0.0,0.06467044,0.0,0.0,0.0
2591764256,0.0,0.06420694,0.0,0.0,0.0
2553904771,0.0,0.06345694,0.0,0.0,0.0
2472632890,0.0,0.064187646,0.0,0.0,0.0
2516336340,0.0,0.06430291,0.0,0.0,0.0
1875307316,0.0,4.805983,5.0,5.0,25.0
2494120005,0.0,0.063543305,0.0,0.0,0.0
2561355120,0.0,0.063532665,0.0,0.0,0.0
2410566377,0.0,4.7738414,5.0,5.0,25.0
2492202872,0.0,0.063711375,0.0,0.0,0.0
2903575938,0.0,0.06390815,0.0,0.0,0.0
2550695028,0.0,0.06230315,0.0,0.0,0.0
2557428440,0.0,0.06341471,0.0,0.0,0.0
2460812044,0.0,0.06325868,0.0,0.0,0.0
2496901271,0.0,0.063754976,0.0,0.0,0.0
2525211446,0.0,0.06401355,0.0,0.0,0.0
2308760746,0.0,4.6969066,5.0,5.0,25.0
2756352753,0.0,0.06487183,0.0,0.0,0.0
2883590945,0.0,0.062711895,0.0,0.0,0.0
2797237894,0.0,0.063859046,0.0,0.0,0.0
2550623482,0.0,0.06516799,0.0,0.0,0.0
2562353625,0.0,0.06265138,0.0,0.0,0.0
2357612066,0.0,4.836575,5.0,5.0,25.0
2947800250,0.0,0.06297802,0.0,0.0,0.0
2883075043,0.0,0.06431542,0.0,0.0,0.0
2724233717,0.0,0.06429613,0.0,0.0,0.0
2560025676,0.0,0.06309363,0.0,0.0,0.0
2575379434,0.0,0.06464332,0.0,0.0,0.0
2587393488,0.0,0.064592265,0.0,0.0,0.0
2570889722,0.0,0.06346743,0.0,0.0,0.0
2903196449,0.0,0.064067155,0.0,0.0,0.0
2327678074,0.0,4.4990897,4.0,4.0,16.0
2263962415,0.0,4.7334075,5.0,5.0,25.0
2766489063,0.0,0.063981354,0.0,0.0,0.0
2499745432,0.0,0.06318705,0.0,0.0,0.0
2418106039,0.0,4.6369376,5.0,5.0,25.0
2531379313,0.0,0.0642777,0.0,0.0,0.0
2911115649,0.0,0.06231686,0.0,0.0,0.0
3181769975,0.0,0.065225184,0.0,0.0,0.0
2399366110,0.0,4.674045,5.0,5.0,25.0
655868560,0.0,4.716932,5.0,5.0,25.0
2289830734,0.0,4.7475324,5.0,5.0,25.0
2562918171,0.0,0.063209325,0.0,0.0,0.0
2537140528,0.0,0.06391909,0.0,0.0,0.0
2572573858,0.0,0.06489429,0.0,0.0,0.0
2335549542,0.0,4.839418,5.0,5.0,25.0
2634138640,0.0,0.0645524,0.0,0.0,0.0
2504685135,0.0,0.06280789,0.0,0.0,0.0
2592669511,0.0,0.06493275,0.0,0.0,0.0
3186117049,0.0,0.06447339,0.0,0.0,0.0
2802070337,0.0,0.06403702,0.0,0.0,0.0
2252408482,0.0,5.2998033,5.0,5.0,25.0
2896013082,0.0,0.06322083,0.0,0.0,0.0
11402875,0.0,4.646336,5.0,5.0,25.0
2346523726,0.0,4.669048,5.0,5.0,25.0
2335430579,0.0,4.8230176,5.0,5.0,25.0
2293835549,0.0,4.5703874,5.0,5.0,25.0
2555563359,0.0,0.063214496,0.0,0.0,0.0
2944874956,0.0,0.06448702,0.0,0.0,0.0
2491457368,0.0,0.06256859,0.0,0.0,0.0
2319910518,0.0,4.759338,5.0,5.0,25.0
2502945520,0.0,0.06328814,0.0,0.0,0.0
3131348366,0.0,0.06252714,0.0,0.0,0.0
2563164815,0.0,0.06505063,0.0,0.0,0.0
2560106559,0.0,0.06463045,0.0,0.0,0.0
2551433128,0.0,0.0636452,0.0,0.0,0.0
2754368775,0.0,0.06398001,0.0,0.0,0.0
2476063525,0.0,0.06445687,0.0,0.0,0.0
2519422696,0.0,0.06451164,0.0,0.0,0.0
2567133560,0.0,0.06534895,0.0,0.0,0.0
3045236791,0.0,0.06544173,0.0,0.0,0.0
2529503920,0.0,0.0640591,0.0,0.0,0.0
2766875044,0.0,0.064267315,0.0,0.0,0.0
2498716901,0.0,0.063992426,0.0,0.0,0.0
2485008360,0.0,0.06511084,0.0,0.0,0.0
2340477094,0.0,4.412985,4.0,4.0,16.0
2509254427,0.0,0.061798885,0.0,0.0,0.0
2527798520,0.0,0.06343231,0.0,0.0,0.0
2480166726,0.0,0.06510496,0.0,0.0,0.0
2553943926,0.0,0.06338837,0.0,0.0,0.0
3010198223,0.0,0.06350154,0.0,0.0,0.0
2394548458,0.0,4.635364,5.0,5.0,25.0
2585762547,0.0,0.064298645,0.0,0.0,0.0
2620843331,0.0,0.06554879,0.0,0.0,0.0
2914604713,0.0,0.06479816,0.0,0.0,0.0
2523941041,0.0,0.06305993,0.0,0.0,0.0
2593634729,0.0,0.06479737,0.0,0.0,0.0
2523072511,0.0,0.06429963,0.0,0.0,0.0
2359406403,0.0,4.836579,5.0,5.0,25.0
2308324665,0.0,4.793676,5.0,5.0,25.0
2790662153,0.0,0.06336976,0.0,0.0,0.0
3004549780,0.0,0.06331821,0.0,0.0,0.0
2488031465,0.0,0.06466742,0.0,0.0,0.0
2548241403,0.0,0.06441034,0.0,0.0,0.0
2532291349,0.0,0.06380666,0.0,0.0,0.0
2461808217,0.0,0.06440453,0.0,0.0,0.0
2736137377,0.0,0.06295215,0.0,0.0,0.0
2753893977,0.0,0.06617367,0.0,0.0,0.0
2280416791,0.0,4.7567353,5.0,5.0,25.0
2477718970,0.0,0.06324789,0.0,0.0,0.0
2529368541,0.0,0.063345425,0.0,0.0,0.0
2314515273,0.0,4.685455,5.0,5.0,25.0
2337934606,0.0,4.839195,5.0,5.0,25.0
2944636352,0.0,0.062464934,0.0,0.0,0.0
2606501181,0.0,0.06413822,0.0,0.0,0.0
2289020336,0.0,4.7107215,5.0,5.0,25.0
2510083311,0.0,0.06363388,0.0,0.0,0.0
2737563264,0.0,0.06424965,0.0,0.0,0.0
2726789001,0.0,0.06492389,0.0,0.0,0.0
2511844994,0.0,0.06337594,0.0,0.0,0.0
2530663614,0.0,0.06485174,0.0,0.0,0.0
2204556472,0.0,4.7273507,5.0,5.0,25.0
2555226734,0.0,0.06391789,0.0,0.0,0.0
2581108651,0.0,0.06425835,0.0,0.0,0.0
2469105182,0.0,0.062428877,0.0,0.0,0.0
2605889667,0.0,0.06453999,0.0,0.0,0.0
2997894926,0.0,0.063903466,0.0,0.0,0.0
2529493570,0.0,0.06550218,0.0,0.0,0.0
2474546266,0.0,0.062181763,0.0,0.0,0.0
2952367035,0.0,0.06416647,0.0,0.0,0.0
2585878790,0.0,0.06602551,0.0,0.0,0.0
2512218470,0.0,0.06392936,0.0,0.0,0.0
2794579022,0.0,0.062635764,0.0,0.0,0.0
2979769030,0.0,0.064861745,0.0,0.0,0.0
3121752073,0.0,0.064513266,0.0,0.0,0.0
2193767526,0.0,4.7137923,5.0,5.0,25.0
2346443799,0.0,4.825993,5.0,5.0,25.0
2594547587,0.0,0.06345266,0.0,0.0,0.0
2280290940,0.0,4.782865,5.0,5.0,25.0
2346533720,0.0,4.8195395,5.0,5.0,25.0
2481781107,0.0,0.06489227,0.0,0.0,0.0
2566640663,0.0,0.06356146,0.0,0.0,0.0
2564978796,0.0,0.06399753,0.0,0.0,0.0
2508012032,0.0,0.065472886,0.0,0.0,0.0
2489682370,0.0,0.063363045,0.0,0.0,0.0
2558673485,0.0,0.06382883,0.0,0.0,0.0
3007422861,0.0,0.063617334,0.0,0.0,0.0
2502777573,0.0,0.062338606,0.0,0.0,0.0
2521802104,0.0,0.06366744,0.0,0.0,0.0
2317632850,0.0,4.7520995,5.0,5.0,25.0
2564912680,0.0,0.064311706,0.0,0.0,0.0
2486183123,0.0,0.06306201,0.0,0.0,0.0
2529634041,0.0,0.06395039,0.0,0.0,0.0
2527011776,0.0,0.06358024,0.0,0.0,0.0
2564773405,0.0,0.06411087,0.0,0.0,0.0
2735224087,0.0,0.064934365,0.0,0.0,0.0
3125201066,0.0,0.06342357,0.0,0.0,0.0
2597141941,0.0,0.06400905,0.0,0.0,0.0
2608497911,0.0,0.0639803,0.0,0.0,0.0
3181119003,0.0,0.063590795,0.0,0.0,0.0
2484562885,0.0,0.06215316,0.0,0.0,0.0
2490329646,0.0,0.06369017,0.0,0.0,0.0
2554979331,0.0,0.06501743,0.0,0.0,0.0
2566233678,0.0,0.06530005,0.0,0.0,0.0
2613348775,0.0,0.06474973,0.0,0.0,0.0
2292854620,0.0,4.7576213,5.0,5.0,25.0
2487713540,0.0,0.06608472,0.0,0.0,0.0
2522198947,0.0,0.06592558,0.0,0.0,0.0
2734443357,0.0,0.064276345,0.0,0.0,0.0
2562665058,0.0,0.06417766,0.0,0.0,0.0
2419054999,0.0,4.8285775,5.0,5.0,25.0
2971551393,0.0,0.0646783,0.0,0.0,0.0
2539554309,0.0,0.06537928,0.0,0.0,0.0
2773550769,0.0,0.06372166,0.0,0.0,0.0
2286242722,0.0,4.819013,5.0,5.0,25.0
2513693395,0.0,0.06322863,0.0,0.0,0.0
3212504030,0.0,0.06410573,0.0,0.0,0.0
2591781470,0.0,0.06293965,0.0,0.0,0.0
2480453582,0.0,0.06457271,0.0,0.0,0.0
2507316401,0.0,0.06452114,0.0,0.0,0.0
2197576366,0.0,4.568834,5.0,5.0,25.0
2838979734,0.0,0.063954175,0.0,0.0,0.0
2506865859,0.0,0.06497153,0.0,0.0,0.0
2491118485,0.0,0.06386188,0.0,0.0,0.0
2966471331,0.0,0.062973864,0.0,0.0,0.0
2413887558,0.0,4.7511163,5.0,5.0,25.0
3041910249,0.0,0.06348921,0.0,0.0,0.0
2561342164,0.0,0.06530155,0.0,0.0,0.0
2590609824,0.0,0.06483117,0.0,0.0,0.0
2617787277,0.0,0.06245074,0.0,0.0,0.0
2412688703,0.0,4.8120112,5.0,5.0,25.0
3124884715,0.0,0.06414354,0.0,0.0,0.0
2550632026,0.0,0.06260252,0.0,0.0,0.0
2560304776,0.0,0.06331859,0.0,0.0,0.0
2743351678,0.0,0.06506043,0.0,0.0,0.0
2327010992,0.0,4.775129,5.0,5.0,25.0
2608842961,0.0,0.06307894,0.0,0.0,0.0
2493965446,0.0,0.06260325,0.0,0.0,0.0
2479745773,0.0,0.06375219,0.0,0.0,0.0
2303276565,0.0,4.496285,4.0,4.0,16.0
2560448500,0.0,0.06256825,0.0,0.0,0.0
2308689684,0.0,4.608439,5.0,5.0,25.0
2566248968,0.0,0.064094044,0.0,0.0,0.0
2976700852,0.0,0.06480894,0.0,0.0,0.0
2910363279,0.0,0.06501508,0.0,0.0,0.0
2527427192,0.0,0.06353651,0.0,0.0,0.0
2312919367,0.0,4.7170386,5.0,5.0,25.0
2468739910,0.0,0.06326991,0.0,0.0,0.0
2313650460,0.0,4.7588925,5.0,5.0,25.0
2564140087,0.0,0.064746186,0.0,0.0,0.0
2555415106,0.0,0.063466534,0.0,0.0,0.0
2335205570,0.0,4.819305,5.0,5.0,25.0
2524996176,0.0,0.06421676,0.0,0.0,0.0
2441086174,0.0,4.810763,5.0,5.0,25.0
2413224208,0.0,4.885548,5.0,5.0,25.0
2250226245,0.0,4.8197894,5.0,5.0,25.0
2498428530,0.0,0.06363188,0.0,0.0,0.0
2461802162,0.0,0.06412787,0.0,0.0,0.0
2796930802,0.0,0.06464689,0.0,0.0,0.0
2549842643,0.0,0.064041026,0.0,0.0,0.0
2562514076,0.0,0.06487123,0.0,0.0,0.0
3157969017,0.0,0.063965045,0.0,0.0,0.0
3127575862,0.0,0.0645177,0.0,0.0,0.0
2567403514,0.0,0.063999,0.0,0.0,0.0
2362316256,0.0,4.790424,5.0,5.0,25.0
2617991180,0.0,0.06375896,0.0,0.0,0.0
144086985,0.0,4.200138,4.0,4.0,16.0
2321248306,0.0,4.843059,5.0,5.0,25.0
3026440817,0.0,0.064298175,0.0,0.0,0.0
3141855578,0.0,0.063616954,0.0,0.0,0.0
2618887211,0.0,0.06184843,0.0,0.0,0.0
2904594221,0.0,0.06142404,0.0,0.0,0.0
2602616321,0.0,0.0649329,0.0,0.0,0.0
2566195495,0.0,0.06543488,0.0,0.0,0.0
2784492619,0.0,0.06499636,0.0,0.0,0.0
2336885204,0.0,4.756932,5.0,5.0,25.0
2613236893,0.0,0.062036593,0.0,0.0,0.0
2554185895,0.0,0.063691735,0.0,0.0,0.0
2565762775,0.0,0.06296605,0.0,0.0,0.0
2487987206,0.0,0.06519423,0.0,0.0,0.0
2564760542,0.0,0.06296834,0.0,0.0,0.0
2619695468,0.0,0.06394558,0.0,0.0,0.0
2568469545,0.0,0.06265729,0.0,0.0,0.0
2977744594,0.0,0.06579824,0.0,0.0,0.0
2612884958,0.0,0.06400468,0.0,0.0,0.0
2332992021,0.0,4.7811723,5.0,5.0,25.0
2341099422,0.0,4.8136077,5.0,5.0,25.0
2589743561,0.0,0.06549176,0.0,0.0,0.0
2580248235,0.0,0.06313515,0.0,0.0,0.0
2552827248,0.0,0.06401852,0.0,0.0,0.0
2599708885,0.0,0.06464587,0.0,0.0,0.0
2562374555,0.0,0.06262562,0.0,0.0,0.0
2599543931,0.0,0.064602405,0.0,0.0,0.0
2553991072,0.0,0.06282572,0.0,0.0,0.0
2477658646,0.0,0.06486651,0.0,0.0,0.0
2611751500,0.0,0.063289374,0.0,0.0,0.0
2743255858,0.0,0.06395711,0.0,0.0,0.0
2756031584,0.0,0.06390516,0.0,0.0,0.0
2885066780,0.0,0.06291487,0.0,0.0,0.0
2521205948,0.0,0.06413428,0.0,0.0,0.0
2470893602,0.0,0.06480217,0.0,0.0,0.0
2575668002,0.0,0.064177215,0.0,0.0,0.0
2341295097,0.0,4.773253,5.0,5.0,25.0
2518137754,0.0,0.062216826,0.0,0.0,0.0
2618386542,0.0,0.06421677,0.0,0.0,0.0
2250019476,0.0,4.749618,5.0,5.0,25.0
3197123379,0.0,0.06469917,0.0,0.0,0.0
2568647325,0.0,0.06471711,0.0,0.0,0.0
2886755238,0.0,0.0638853,0.0,0.0,0.0
2490828921,0.0,0.06311142,0.0,0.0,0.0
2493573682,0.0,0.06409857,0.0,0.0,0.0
2562044368,0.0,0.062543884,0.0,0.0,0.0
2523816273,0.0,0.06414053,0.0,0.0,0.0
2332765635,0.0,4.823215,5.0,5.0,25.0
2587414995,0.0,0.06491819,0.0,0.0,0.0
2341752396,0.0,4.856647,5.0,5.0,25.0
2192731973,0.0,4.8205943,5.0,5.0,25.0
2596653310,0.0,0.06422452,0.0,0.0,0.0
2552784649,0.0,0.06317045,0.0,0.0,0.0
2554508487,0.0,0.06412541,0.0,0.0,0.0
2589655899,0.0,0.06276842,0.0,0.0,0.0
2342586215,0.0,4.8354754,5.0,5.0,25.0
3114759568,0.0,0.06360761,0.0,0.0,0.0
2546730948,0.0,0.063307896,0.0,0.0,0.0
2345927292,0.0,4.750154,5.0,5.0,25.0
2462608059,0.0,0.062379964,0.0,0.0,0.0
2570449351,0.0,0.0635694,0.0,0.0,0.0
2487898827,0.0,0.06328785,0.0,0.0,0.0
2627019241,0.0,0.066014744,0.0,0.0,0.0
2510731198,0.0,0.06380806,0.0,0.0,0.0
2172720693,0.0,4.6350102,5.0,5.0,25.0
2301006158,0.0,4.817371,5.0,5.0,25.0
2409371120,0.0,4.777678,5.0,5.0,25.0
2497433371,0.0,0.06387445,0.0,0.0,0.0
2607756963,0.0,0.06478724,0.0,0.0,0.0
2621809401,0.0,0.06332573,0.0,0.0,0.0
2626466661,0.0,0.061716903,0.0,0.0,0.0
2529519838,0.0,0.0642571,0.0,0.0,0.0
2561164554,0.0,0.065160856,0.0,0.0,0.0
2336328790,0.0,4.788343,5.0,5.0,25.0
3209561609,0.0,0.064605355,0.0,0.0,0.0
2516242841,0.0,0.0627947,0.0,0.0,0.0
2559719301,0.0,0.06367197,0.0,0.0,0.0
2594633348,0.0,0.06331117,0.0,0.0,0.0
2300629411,0.0,4.8226743,5.0,5.0,25.0
2469665672,0.0,0.065337196,0.0,0.0,0.0
2484082481,0.0,0.06395559,0.0,0.0,0.0
2367450979,0.0,4.752377,5.0,5.0,25.0
2804860546,0.0,0.063424096,0.0,0.0,0.0
2474499551,0.0,0.064089596,0.0,0.0,0.0
2564894338,0.0,0.06407027,0.0,0.0,0.0
2519704860,0.0,0.066123605,0.0,0.0,0.0
2560278731,0.0,0.063770175,0.0,0.0,0.0
2486957386,0.0,0.06343541,0.0,0.0,0.0
1931769386,0.0,4.635943,5.0,5.0,25.0
3106436480,0.0,0.06372723,0.0,0.0,0.0
2976856310,0.0,0.065374106,0.0,0.0,0.0
2125955344,0.0,4.7035155,5.0,5.0,25.0
2559205756,0.0,0.06431149,0.0,0.0,0.0
2531281389,0.0,0.062627934,0.0,0.0,0.0
2587682207,0.0,0.063980654,0.0,0.0,0.0
2919005115,0.0,0.06449103,0.0,0.0,0.0
2610928326,0.0,0.06517918,0.0,0.0,0.0
2553684657,0.0,0.06400054,0.0,0.0,0.0
2335836677,0.0,4.770599,5.0,5.0,25.0
2559814169,0.0,0.06277698,0.0,0.0,0.0
2538858174,0.0,0.06452257,0.0,0.0,0.0
1489370063,0.0,4.7469516,5.0,5.0,25.0
2557681609,0.0,0.062365115,0.0,0.0,0.0
2436214579,0.0,4.805759,5.0,5.0,25.0
2521702053,0.0,0.06450905,0.0,0.0,0.0
2487010430,0.0,0.06343386,0.0,0.0,0.0
2585979534,0.0,0.06289059,0.0,0.0,0.0
2588470457,0.0,0.06343518,0.0,0.0,0.0
2416772133,0.0,4.621774,5.0,5.0,25.0
2797390316,0.0,0.06148999,0.0,0.0,0.0
2590448826,0.0,0.064738646,0.0,0.0,0.0
2371093027,0.0,4.8415637,5.0,5.0,25.0
2332014224,0.0,4.52276,5.0,5.0,25.0
3153593633,0.0,0.062477984,0.0,0.0,0.0
2904667919,0.0,0.06616282,0.0,0.0,0.0
2281061437,0.0,4.797238,5.0,5.0,25.0
2463352692,0.0,0.06498052,0.0,0.0,0.0
2886066309,0.0,0.06365718,0.0,0.0,0.0
2521355082,0.0,0.06399071,0.0,0.0,0.0
2327333717,0.0,4.8398395,5.0,5.0,25.0
2581099275,0.0,0.06489196,0.0,0.0,0.0
2327209095,0.0,4.8439803,5.0,5.0,25.0
2499134106,0.0,0.063904196,0.0,0.0,0.0
2419744899,0.0,4.7547297,5.0,5.0,25.0
2606957816,0.0,0.06317248,0.0,0.0,0.0
2556977708,0.0,0.062766835,0.0,0.0,0.0
322919321,0.0,4.733051,5.0,5.0,25.0
2500127040,0.0,0.064622745,0.0,0.0,0.0
2558499166,0.0,0.06472252,0.0,0.0,0.0
2606913299,0.0,0.06308449,0.0,0.0,0.0
2539726297,0.0,0.06538967,0.0,0.0,0.0
2617784576,0.0,0.06362594,0.0,0.0,0.0
2954155339,0.0,0.06433052,0.0,0.0,0.0
2338972912,0.0,4.82659,5.0,5.0,25.0
3118870021,0.0,0.06404895,0.0,0.0,0.0
2517773030,0.0,0.06286676,0.0,0.0,0.0
2551199891,0.0,0.06424457,0.0,0.0,0.0
2506180099,0.0,0.066198215,0.0,0.0,0.0
2536159214,0.0,0.064336255,0.0,0.0,0.0
2587515621,0.0,0.06349502,0.0,0.0,0.0
2517238197,0.0,0.06345,0.0,0.0,0.0
2529951142,0.0,0.063877955,0.0,0.0,0.0
2373304626,0.0,4.7511306,5.0,5.0,25.0
2557833393,0.0,0.06465137,0.0,0.0,0.0
2289300799,0.0,4.7817836,5.0,5.0,25.0
2594865567,0.0,0.06470386,0.0,0.0,0.0
2215156104,0.0,4.795361,5.0,5.0,25.0
2996438147,0.0,0.06471621,0.0,0.0,0.0
2437104316,0.0,4.7487264,5.0,5.0,25.0
2597889099,0.0,0.06424308,0.0,0.0,0.0
2403176946,0.0,4.78906,5.0,5.0,25.0
2491663803,0.0,0.063979656,0.0,0.0,0.0
2581465507,0.0,0.06404111,0.0,0.0,0.0
2415533760,0.0,4.785812,5.0,5.0,25.0
2553667467,0.0,0.06476022,0.0,0.0,0.0
2565112146,0.0,0.06364575,0.0,0.0,0.0
2311509854,0.0,4.7279944,5.0,5.0,25.0
2609260885,0.0,0.06344221,0.0,0.0,0.0
1766003932,0.0,4.7634177,5.0,5.0,25.0
2484661867,0.0,0.063470066,0.0,0.0,0.0
2412281662,0.0,4.7976737,5.0,5.0,25.0
2469354289,0.0,0.06415288,0.0,0.0,0.0
2970428608,0.0,0.06350854,0.0,0.0,0.0
3110882036,0.0,0.06538915,0.0,0.0,0.0
3115064491,0.0,0.06443252,0.0,0.0,0.0
2543329291,0.0,0.06493832,0.0,0.0,0.0
2950382194,0.0,0.06479028,0.0,0.0,0.0
3045565510,0.0,0.06308388,0.0,0.0,0.0
2427857531,0.0,4.75639,5.0,5.0,25.0
2519590751,0.0,0.0642543,0.0,0.0,0.0
2530734834,0.0,0.06426698,0.0,0.0,0.0
2978081361,0.0,0.06361775,0.0,0.0,0.0
2800701157,0.0,0.06397425,0.0,0.0,0.0
2549410957,0.0,0.0646135,0.0,0.0,0.0
2610435708,0.0,0.06494441,0.0,0.0,0.0
3119333192,0.0,0.06477016,0.0,0.0,0.0
2248722269,0.0,4.766709,5.0,5.0,25.0
2551617960,0.0,0.06388981,0.0,0.0,0.0
2777325725,0.0,0.062254347,0.0,0.0,0.0
2316685436,0.0,4.6657815,5.0,5.0,25.0
2971011422,0.0,0.063515514,0.0,0.0,0.0
2322180096,0.0,4.8307443,5.0,5.0,25.0
2557858570,0.0,0.06491153,0.0,0.0,0.0
2506249078,0.0,0.06385345,0.0,0.0,0.0
2585278182,0.0,0.06547467,0.0,0.0,0.0
3127692064,0.0,0.06487402,0.0,0.0,0.0
2727432043,0.0,0.06522077,0.0,0.0,0.0
2283690009,0.0,4.719191,5.0,5.0,25.0
2333191423,0.0,4.780005,5.0,5.0,25.0
2323155838,0.0,4.6520305,5.0,5.0,25.0
2407253674,0.0,4.828447,5.0,5.0,25.0
2474362022,0.0,0.062624544,0.0,0.0,0.0
2524511997,0.0,0.06334263,0.0,0.0,0.0
2511527613,0.0,0.06415631,0.0,0.0,0.0
2432452933,0.0,4.7822566,5.0,5.0,25.0
2562924996,0.0,0.06397687,0.0,0.0,0.0
2516222910,0.0,0.063803,0.0,0.0,0.0
2609804214,0.0,0.06182936,0.0,0.0,0.0
2560476415,0.0,0.06315558,0.0,0.0,0.0
2420585113,0.0,4.8126674,5.0,5.0,25.0
2473354005,0.0,0.063580014,0.0,0.0,0.0
2605290071,0.0,0.06443314,0.0,0.0,0.0
2599126717,0.0,0.06310744,0.0,0.0,0.0
2771771099,0.0,0.06600233,0.0,0.0,0.0
3159876336,0.0,0.06370954,0.0,0.0,0.0
1478959098,0.0,4.7230277,5.0,5.0,25.0
2523677236,0.0,0.064833805,0.0,0.0,0.0
2483957687,0.0,0.06448375,0.0,0.0,0.0
2318847101,0.0,4.7973046,5.0,5.0,25.0
2563867928,0.0,0.065141514,0.0,0.0,0.0
2325164557,0.0,4.763574,5.0,5.0,25.0
2561387185,0.0,0.06376822,0.0,0.0,0.0
2346790923,0.0,4.8411975,5.0,5.0,25.0
2469389530,0.0,0.06487466,0.0,0.0,0.0
2885882039,0.0,0.064211965,0.0,0.0,0.0
2346035916,0.0,4.830872,5.0,5.0,25.0
3046066827,0.0,0.06401903,0.0,0.0,0.0
2626777762,0.0,0.065055124,0.0,0.0,0.0
2596597080,0.0,0.066022895,0.0,0.0,0.0
2516163523,0.0,0.06427367,0.0,0.0,0.0
2562036674,0.0,0.063912876,0.0,0.0,0.0
2601764459,0.0,0.064354084,0.0,0.0,0.0
2568765109,0.0,0.06304925,0.0,0.0,0.0
2511653308,0.0,0.063345194,0.0,0.0,0.0
2751338445,0.0,0.06381975,0.0,0.0,0.0
2551084373,0.0,0.06485246,0.0,0.0,0.0
2556964187,0.0,0.06375344,0.0,0.0,0.0
2592215489,0.0,0.063935235,0.0,0.0,0.0
2378457198,0.0,4.8172936,5.0,5.0,25.0
2557808062,0.0,0.06410545,0.0,0.0,0.0
2529717997,0.0,0.064126864,0.0,0.0,0.0
3106835571,0.0,0.06554878,0.0,0.0,0.0
2461716321,0.0,0.063476615,0.0,0.0,0.0
2476584771,0.0,0.06462104,0.0,0.0,0.0
2588269028,0.0,0.062326998,0.0,0.0,0.0
2613847138,0.0,0.06435008,0.0,0.0,0.0
2477507055,0.0,0.064854704,0.0,0.0,0.0
2999761415,0.0,0.06461811,0.0,0.0,0.0
2521124972,0.0,0.06382499,0.0,0.0,0.0
2587388807,0.0,0.06429964,0.0,0.0,0.0
2561169263,0.0,0.064740025,0.0,0.0,0.0
2306449024,0.0,4.775377,5.0,5.0,25.0
2526903538,0.0,0.06570639,0.0,0.0,0.0
2588412027,0.0,0.06401605,0.0,0.0,0.0
2990532947,0.0,0.063308805,0.0,0.0,0.0
3044080971,0.0,0.06431628,0.0,0.0,0.0
2565797079,0.0,0.063657984,0.0,0.0,0.0
2481108779,0.0,0.06461693,0.0,0.0,0.0
2267501419,0.0,4.7783027,5.0,5.0,25.0
2422790758,0.0,4.7964587,5.0,5.0,25.0
2614012105,0.0,0.06440058,0.0,0.0,0.0
2522923473,0.0,0.06268629,0.0,0.0,0.0
2566215707,0.0,0.06372564,0.0,0.0,0.0
2336867581,0.0,4.719811,5.0,5.0,25.0
2541244942,0.0,0.06491516,0.0,0.0,0.0
2342138384,0.0,4.6732326,5.0,5.0,25.0
2519341925,0.0,0.06352751,0.0,0.0,0.0
2035512497,0.0,4.5842977,5.0,5.0,25.0
2773513618,0.0,0.06447165,0.0,0.0,0.0
2617302855,0.0,0.062718995,0.0,0.0,0.0
2546922495,0.0,0.06512677,0.0,0.0,0.0
2408860883,0.0,4.707681,5.0,5.0,25.0
2531387050,0.0,0.065130875,0.0,0.0,0.0
2346191401,0.0,4.7598405,5.0,5.0,25.0
2520205163,0.0,0.06468712,0.0,0.0,0.0
3169091828,0.0,0.063781545,0.0,0.0,0.0
2796874913,0.0,0.062499065,0.0,0.0,0.0
2601726969,0.0,0.063745245,0.0,0.0,0.0
2780277801,0.0,0.06582185,0.0,0.0,0.0
2518280650,0.0,0.06442942,0.0,0.0,0.0
2165360597,0.0,4.7328343,5.0,5.0,25.0
2573633484,0.0,0.06469929,0.0,0.0,0.0
2374944665,0.0,4.726436,5.0,5.0,25.0
3173408806,0.0,0.06248145,0.0,0.0,0.0
2391127495,0.0,4.7573333,5.0,5.0,25.0
2463244147,0.0,0.06334369,0.0,0.0,0.0
2548558501,0.0,0.06450319,0.0,0.0,0.0
3023426751,0.0,0.064218454,0.0,0.0,0.0
2887484432,0.0,0.0643224,0.0,0.0,0.0
2547743951,0.0,0.06423377,0.0,0.0,0.0
2320453722,0.0,4.826323,5.0,5.0,25.0
2896252332,0.0,0.06429413,0.0,0.0,0.0
3120165766,0.0,0.064308584,0.0,0.0,0.0
2556794154,0.0,0.06289194,0.0,0.0,0.0
2562995421,0.0,0.062078103,0.0,0.0,0.0
2517913724,0.0,0.06391669,0.0,0.0,0.0
2467756429,0.0,0.06376681,0.0,0.0,0.0
2283592678,0.0,4.811439,5.0,5.0,25.0
2558816000,0.0,0.0643681,0.0,0.0,0.0
2519337057,0.0,0.06512923,0.0,0.0,0.0
2579091451,0.0,0.06472847,0.0,0.0,0.0
2460680019,0.0,0.06291071,0.0,0.0,0.0
2479897919,0.0,0.06421478,0.0,0.0,0.0
2472814952,0.0,0.06301047,0.0,0.0,0.0
2484030714,0.0,0.06210095,0.0,0.0,0.0
2461329529,0.0,0.06482916,0.0,0.0,0.0
2731665411,0.0,0.064531974,0.0,0.0,0.0
2791121978,0.0,0.06178885,0.0,0.0,0.0
3097144058,0.0,0.06397678,0.0,0.0,0.0
2411435020,0.0,4.649413,5.0,5.0,25.0
2578819393,0.0,0.064296395,0.0,0.0,0.0
2620129942,0.0,0.06361325,0.0,0.0,0.0
2324725253,0.0,4.7593484,5.0,5.0,25.0
2314068530,0.0,4.380897,4.0,4.0,16.0
2518679994,0.0,0.06410505,0.0,0.0,0.0
2468468434,0.0,0.06330216,0.0,0.0,0.0
1516415188,0.0,4.615784,5.0,5.0,25.0
2298271393,0.0,4.6586385,5.0,5.0,25.0
2497012929,0.0,0.06640248,0.0,0.0,0.0
2574380685,0.0,0.06303383,0.0,0.0,0.0
2477328198,0.0,0.06274851,0.0,0.0,0.0
2944015612,0.0,0.0651036,0.0,0.0,0.0
2573055148,0.0,0.06482823,0.0,0.0,0.0
2557640015,0.0,0.06296075,0.0,0.0,0.0
2323578554,0.0,4.71199,5.0,5.0,25.0
3202964384,0.0,0.06343904,0.0,0.0,0.0
2343605404,0.0,4.8282514,5.0,5.0,25.0
2543551573,0.0,0.06408663,0.0,0.0,0.0
2759545059,0.0,0.06419851,0.0,0.0,0.0
2348648021,0.0,4.817597,5.0,5.0,25.0
2592319058,0.0,0.0612142,0.0,0.0,0.0
2555268578,0.0,0.0647808,0.0,0.0,0.0
2521584782,0.0,0.06388815,0.0,0.0,0.0
2524324416,0.0,0.06393106,0.0,0.0,0.0
2944613976,0.0,0.064223155,0.0,0.0,0.0
2289068653,0.0,4.7388024,5.0,5.0,25.0
2482925465,0.0,0.06328673,0.0,0.0,0.0
2998327577,0.0,0.06274505,0.0,0.0,0.0
1537383392,0.0,4.737638,5.0,5.0,25.0
2336137834,0.0,4.7459483,5.0,5.0,25.0
3211536151,0.0,0.062764294,0.0,0.0,0.0
2781948282,0.0,0.06465728,0.0,0.0,0.0
2513032460,0.0,0.06522773,0.0,0.0,0.0
2274430348,0.0,4.6208405,5.0,5.0,25.0
767799312,0.0,4.6358647,5.0,5.0,25.0
2600988529,0.0,0.0657108,0.0,0.0,0.0
2479686205,0.0,0.06472105,0.0,0.0,0.0
2567694915,0.0,0.06295946,0.0,0.0,0.0
2563242932,0.0,0.06403534,0.0,0.0,0.0
2539550362,0.0,0.06412567,0.0,0.0,0.0
2521273359,0.0,0.06468944,0.0,0.0,0.0
2338008177,0.0,4.8121676,5.0,5.0,25.0
45661254,0.0,4.715571,5.0,5.0,25.0
2336620840,0.0,4.807982,5.0,5.0,25.0
2533220384,0.0,0.06275319,0.0,0.0,0.0
3129170332,0.0,0.063249566,0.0,0.0,0.0
2517851130,0.0,0.06579764,0.0,0.0,0.0
2500607399,0.0,0.06336601,0.0,0.0,0.0
2403329610,0.0,4.827967,5.0,5.0,25.0
2338698019,0.0,4.7119,5.0,5.0,25.0
2520319611,0.0,0.06518911,0.0,0.0,0.0
2727084350,0.0,0.064074576,0.0,0.0,0.0
2613617664,0.0,0.06497621,0.0,0.0,0.0
2525455039,0.0,0.06432271,0.0,0.0,0.0
2411192400,0.0,4.782847,5.0,5.0,25.0
2735634356,0.0,0.06304681,0.0,0.0,0.0
2512048489,0.0,0.06361869,0.0,0.0,0.0
2519511211,0.0,0.06437238,0.0,0.0,0.0
2595216701,0.0,0.064572304,0.0,0.0,0.0
2512556964,0.0,0.06358407,0.0,0.0,0.0
2345701010,0.0,4.7823796,5.0,5.0,25.0
2608078722,0.0,0.06389633,0.0,0.0,0.0
3118660178,0.0,0.064208195,0.0,0.0,0.0
2588314714,0.0,0.06504558,0.0,0.0,0.0
2554083747,0.0,0.06419264,0.0,0.0,0.0
2589903024,0.0,0.06449122,0.0,0.0,0.0
2341829393,0.0,4.8370767,5.0,5.0,25.0
2559104941,0.0,0.06386306,0.0,0.0,0.0
2396747989,0.0,4.4194355,4.0,4.0,16.0
2257889798,0.0,4.8158183,5.0,5.0,25.0
2608392966,0.0,0.063716196,0.0,0.0,0.0
2489758950,0.0,0.06372374,0.0,0.0,0.0
2342869231,0.0,4.7697253,5.0,5.0,25.0
2808901143,0.0,0.06379402,0.0,0.0,0.0
3151940203,0.0,0.06364302,0.0,0.0,0.0
2592557083,0.0,0.063593306,0.0,0.0,0.0
2312817247,0.0,4.823748,5.0,5.0,25.0
3088361721,0.0,0.06566428,0.0,0.0,0.0
2513329782,0.0,0.064297825,0.0,0.0,0.0
2904878685,0.0,0.06631234,0.0,0.0,0.0
2621877827,0.0,0.06384653,0.0,0.0,0.0
2466427331,0.0,0.06379753,0.0,0.0,0.0
2471770465,0.0,0.06263959,0.0,0.0,0.0
2270379651,0.0,4.7182307,5.0,5.0,25.0
2612535953,0.0,0.06411244,0.0,0.0,0.0
2257868732,0.0,4.8004203,5.0,5.0,25.0
2507503280,0.0,0.06425742,0.0,0.0,0.0
2317342052,0.0,4.524573,5.0,5.0,25.0
2608084134,0.0,0.06505361,0.0,0.0,0.0
2476382961,0.0,0.06370257,0.0,0.0,0.0
3122887918,0.0,0.06329671,0.0,0.0,0.0
2265901188,0.0,4.824406,5.0,5.0,25.0
3203497170,0.0,0.06535426,0.0,0.0,0.0
2029701550,0.0,4.8381143,5.0,5.0,25.0
2605137033,0.0,0.065675154,0.0,0.0,0.0
2898632225,0.0,0.06508252,0.0,0.0,0.0
2564965838,0.0,0.06399177,0.0,0.0,0.0
2495922732,0.0,0.062042154,0.0,0.0,0.0
2751633079,0.0,0.06470543,0.0,0.0,0.0
2469652023,0.0,0.06549545,0.0,0.0,0.0
2437724633,0.0,4.6622643,5.0,5.0,25.0
2444494560,0.0,4.832865,5.0,5.0,25.0
2767708784,0.0,0.06532262,0.0,0.0,0.0
3127259303,0.0,0.06384331,0.0,0.0,0.0
2399877771,0.0,4.6439567,5.0,5.0,25.0
2755786550,0.0,0.063459486,0.0,0.0,0.0
2597030700,0.0,0.06369593,0.0,0.0,0.0
3114330447,0.0,0.06573011,0.0,0.0,0.0
2952188039,0.0,0.06332396,0.0,0.0,0.0
2591228673,0.0,0.06368083,0.0,0.0,0.0
2964272902,0.0,0.06437066,0.0,0.0,0.0
2301003117,0.0,4.677175,5.0,5.0,25.0
2601828854,0.0,0.06478314,0.0,0.0,0.0
2582132336,0.0,0.06432855,0.0,0.0,0.0
2460708688,0.0,0.06398916,0.0,0.0,0.0
2412086854,0.0,4.806813,5.0,5.0,25.0
2902889374,0.0,0.06247121,0.0,0.0,0.0
2174751373,0.0,4.734772,5.0,5.0,25.0
2512654444,0.0,0.06592755,0.0,0.0,0.0
2615516952,0.0,0.064912714,0.0,0.0,0.0
2590386090,0.0,0.06393312,0.0,0.0,0.0
2740066355,0.0,0.06510367,0.0,0.0,0.0
2613482805,0.0,0.062377088,0.0,0.0,0.0
2346268903,0.0,4.764609,5.0,5.0,25.0
2567619944,0.0,0.0643347,0.0,0.0,0.0
2894081906,0.0,0.063828275,0.0,0.0,0.0
2266307322,0.0,4.7351985,5.0,5.0,25.0
2559936116,0.0,0.06332959,0.0,0.0,0.0
2491938464,0.0,0.06379127,0.0,0.0,0.0
2583671274,0.0,0.06442913,0.0,0.0,0.0
2527332566,0.0,0.06264117,0.0,0.0,0.0
2486289072,0.0,0.06400397,0.0,0.0,0.0
2741828871,0.0,0.06302875,0.0,0.0,0.0
2481936390,0.0,0.06589466,0.0,0.0,0.0
2503750766,0.0,0.0641363,0.0,0.0,0.0
2916182927,0.0,0.064046584,0.0,0.0,0.0
2467988119,0.0,0.06254689,0.0,0.0,0.0
2463276290,0.0,0.063492514,0.0,0.0,0.0
2562322709,0.0,0.06363182,0.0,0.0,0.0
2531730224,0.0,0.06317868,0.0,0.0,0.0
3171780284,0.0,0.06417632,0.0,0.0,0.0
2779257833,0.0,0.06387716,0.0,0.0,0.0
2513185479,0.0,0.06436986,0.0,0.0,0.0
2558199232,0.0,0.063720375,0.0,0.0,0.0
2622564286,0.0,0.06398963,0.0,0.0,0.0
2289820044,0.0,4.7729487,5.0,5.0,25.0
2290398059,0.0,4.8175817,5.0,5.0,25.0
3116538767,0.0,0.06374905,0.0,0.0,0.0
2567822026,0.0,0.06360315,0.0,0.0,0.0
2405371328,0.0,4.653933,5.0,5.0,25.0
2467346742,0.0,0.06461786,0.0,0.0,0.0
2484053703,0.0,0.06319474,0.0,0.0,0.0
2537414070,0.0,0.06441372,0.0,0.0,0.0
2395927125,0.0,4.83921,5.0,5.0,25.0
2551008438,0.0,0.06206344,0.0,0.0,0.0
2581380354,0.0,0.064874195,0.0,0.0,0.0
2893004672,0.0,0.06467477,0.0,0.0,0.0
3031409645,0.0,0.062729165,0.0,0.0,0.0
2915225539,0.0,0.062298536,0.0,0.0,0.0
2531609877,0.0,0.06564364,0.0,0.0,0.0
2546742764,0.0,0.06542492,0.0,0.0,0.0
2560137300,0.0,0.064885445,0.0,0.0,0.0
2558643826,0.0,0.06517474,0.0,0.0,0.0
3157384747,0.0,0.06418264,0.0,0.0,0.0
2289609572,0.0,4.7880874,5.0,5.0,25.0
2216067014,0.0,4.7557034,5.0,5.0,25.0
2790011644,0.0,0.06477894,0.0,0.0,0.0
2561558727,0.0,0.06431794,0.0,0.0,0.0
2807537998,0.0,0.06313328,0.0,0.0,0.0
2294725056,0.0,4.823714,5.0,5.0,25.0
2573925157,0.0,0.063554704,0.0,0.0,0.0
2593483656,0.0,0.06303643,0.0,0.0,0.0
2465687945,0.0,0.06589727,0.0,0.0,0.0
2522055020,0.0,0.063625604,0.0,0.0,0.0
2484568429,0.0,0.06515558,0.0,0.0,0.0
2462742548,0.0,0.06530893,0.0,0.0,0.0
2735063736,0.0,0.0652795,0.0,0.0,0.0
2346590646,0.0,4.816462,5.0,5.0,25.0
2547828194,0.0,0.06258248,0.0,0.0,0.0
2563354042,0.0,0.06420353,0.0,0.0,0.0
2580546469,0.0,0.06355736,0.0,0.0,0.0
2510252317,0.0,0.06405649,0.0,0.0,0.0
2052934429,0.0,4.6052794,5.0,5.0,25.0
2519149842,0.0,0.06539688,0.0,0.0,0.0
2472931778,0.0,0.065082744,0.0,0.0,0.0
3131277236,0.0,0.06471583,0.0,0.0,0.0
2618614586,0.0,0.062862575,0.0,0.0,0.0
2461235792,0.0,0.063888624,0.0,0.0,0.0
2582854597,0.0,0.061934523,0.0,0.0,0.0
2583717030,0.0,0.0625904,0.0,0.0,0.0
3113914065,0.0,0.06414524,0.0,0.0,0.0
2587866404,0.0,0.064428486,0.0,0.0,0.0
2521899227,0.0,0.063135445,0.0,0.0,0.0
2340115807,0.0,4.688294,5.0,5.0,25.0
2517875966,0.0,0.06414996,0.0,0.0,0.0
2612925497,0.0,0.063797794,0.0,0.0,0.0
2115246394,0.0,4.720528,5.0,5.0,25.0
3044258124,0.0,0.06431311,0.0,0.0,0.0
2530409626,0.0,0.06317486,0.0,0.0,0.0
2734504519,0.0,0.063875094,0.0,0.0,0.0
2337141457,0.0,4.7475305,5.0,5.0,25.0
2579580180,0.0,0.06523969,0.0,0.0,0.0
2332545022,0.0,4.860805,5.0,5.0,25.0
2606026991,0.0,0.06508246,0.0,0.0,0.0
2465353358,0.0,0.064336635,0.0,0.0,0.0
2611056340,0.0,0.06311509,0.0,0.0,0.0
2540534748,0.0,0.063776016,0.0,0.0,0.0
2581174614,0.0,0.06488879,0.0,0.0,0.0
2604280180,0.0,0.06662372,0.0,0.0,0.0
2560969090,0.0,0.063927755,0.0,0.0,0.0
2493635596,0.0,0.06404746,0.0,0.0,0.0
2727789286,0.0,0.06641957,0.0,0.0,0.0
2762752689,0.0,0.064767756,0.0,0.0,0.0
2463045499,0.0,0.06500751,0.0,0.0,0.0
2503261103,0.0,0.06474526,0.0,0.0,0.0
2494371506,0.0,0.06533074,0.0,0.0,0.0
2070893157,0.0,4.6969905,5.0,5.0,25.0
2478133001,0.0,0.0632887,0.0,0.0,0.0
2576548505,0.0,0.06554204,0.0,0.0,0.0
3216372564,0.0,0.063612625,0.0,0.0,0.0
2414016814,0.0,4.5703583,5.0,5.0,25.0
2893180792,0.0,0.06277464,0.0,0.0,0.0
2462339202,0.0,0.06353436,0.0,0.0,0.0
2524592440,0.0,0.064770855,0.0,0.0,0.0
2323986043,0.0,4.6862407,5.0,5.0,25.0
1821894219,0.0,4.7989783,5.0,5.0,25.0
2571040988,0.0,0.06539042,0.0,0.0,0.0
2608493866,0.0,0.0641458,0.0,0.0,0.0
2515907472,0.0,0.063730575,0.0,0.0,0.0
2416536702,0.0,4.7406487,5.0,5.0,25.0
2464124336,0.0,0.06373961,0.0,0.0,0.0
2561189706,0.0,0.065384984,0.0,0.0,0.0
2555026491,0.0,0.06330079,0.0,0.0,0.0
2980371892,0.0,0.064127676,0.0,0.0,0.0
2509424425,0.0,0.06328727,0.0,0.0,0.0
2800372536,0.0,0.062452935,0.0,0.0,0.0
2619114920,0.0,0.06459879,0.0,0.0,0.0
2522052140,0.0,0.061113432,0.0,0.0,0.0
2019843402,0.0,4.8405194,5.0,5.0,25.0
2467505054,0.0,0.06335215,0.0,0.0,0.0
3044511216,0.0,0.06400573,0.0,0.0,0.0
2562804659,0.0,0.063889846,0.0,0.0,0.0
2373204433,0.0,4.7638373,5.0,5.0,25.0
2423185554,0.0,4.794721,5.0,5.0,25.0
2996526048,0.0,0.065456465,0.0,0.0,0.0
2221710054,0.0,4.830503,5.0,5.0,25.0
2565049172,0.0,0.0627695,0.0,0.0,0.0
2767378188,0.0,0.064588115,0.0,0.0,0.0
2913183863,0.0,0.06393533,0.0,0.0,0.0
3001077522,0.0,0.063485205,0.0,0.0,0.0
2582046577,0.0,0.063052714,0.0,0.0,0.0
2514785418,0.0,0.06468841,0.0,0.0,0.0
3021731244,0.0,0.06254774,0.0,0.0,0.0
2263294618,0.0,4.759255,5.0,5.0,25.0
2493080475,0.0,0.06545223,0.0,0.0,0.0
3169100365,0.0,0.063496396,0.0,0.0,0.0
2550489150,0.0,0.064742014,0.0,0.0,0.0
2559371721,0.0,0.06467199,0.0,0.0,0.0
2343765434,0.0,4.767422,5.0,5.0,25.0
2898969628,0.0,0.06175154,0.0,0.0,0.0
2488425295,0.0,0.06443387,0.0,0.0,0.0
2574621285,0.0,0.06329877,0.0,0.0,0.0
2518134530,0.0,0.06415386,0.0,0.0,0.0
2409343072,0.0,4.828028,5.0,5.0,25.0
2320232082,0.0,4.785621,5.0,5.0,25.0
2581124228,0.0,0.065293066,0.0,0.0,0.0
2481749405,0.0,0.06425154,0.0,0.0,0.0
2523424821,0.0,0.06266629,0.0,0.0,0.0
2277096212,0.0,4.7944846,5.0,5.0,25.0
2340770647,0.0,4.8170247,5.0,5.0,25.0
2582968830,0.0,0.06446382,0.0,0.0,0.0
2576239761,0.0,0.06369924,0.0,0.0,0.0
2612872637,0.0,0.06357413,0.0,0.0,0.0
2916834627,0.0,0.063662246,0.0,0.0,0.0
2621737420,0.0,0.06497067,0.0,0.0,0.0
2559605705,0.0,0.06587824,0.0,0.0,0.0
2180374808,0.0,4.8171268,5.0,5.0,25.0
2347141442,0.0,4.7898145,5.0,5.0,25.0
2772426075,0.0,0.06537105,0.0,0.0,0.0
2339528920,0.0,4.6747746,5.0,5.0,25.0
3014063219,0.0,0.063931815,0.0,0.0,0.0
2567091880,0.0,0.064618714,0.0,0.0,0.0
2481983476,0.0,0.06403691,0.0,0.0,0.0
2316999927,0.0,4.660452,5.0,5.0,25.0
2909928644,0.0,0.062392347,0.0,0.0,0.0
2580265682,0.0,0.06398119,0.0,0.0,0.0
2288989687,0.0,4.8198466,5.0,5.0,25.0
2538427252,0.0,0.06568472,0.0,0.0,0.0
2418371321,0.0,4.707788,5.0,5.0,25.0
2333488702,0.0,4.827392,5.0,5.0,25.0
2516288624,0.0,0.0636338,0.0,0.0,0.0
2604992358,0.0,0.06289469,0.0,0.0,0.0
2487772071,0.0,0.06470822,0.0,0.0,0.0
2406380434,0.0,4.5353465,5.0,5.0,25.0
2552690435,0.0,0.06313002,0.0,0.0,0.0
2418576540,0.0,4.736552,5.0,5.0,25.0
2427550548,0.0,4.833492,5.0,5.0,25.0
2306491196,0.0,4.8244433,5.0,5.0,25.0
2513973519,0.0,0.06385631,0.0,0.0,0.0
3107224165,0.0,0.064809486,0.0,0.0,0.0
2332374345,0.0,4.656799,5.0,5.0,25.0
2571179118,0.0,0.065650895,0.0,0.0,0.0
2757335167,0.0,0.06332453,0.0,0.0,0.0
2549909242,0.0,0.062887765,0.0,0.0,0.0
2346304307,0.0,4.8100333,5.0,5.0,25.0
3159922497,0.0,0.06304687,0.0,0.0,0.0
2565011443,0.0,0.065265775,0.0,0.0,0.0
2526493130,0.0,0.0650112,0.0,0.0,0.0
2572491440,0.0,0.062827684,0.0,0.0,0.0
2338489550,0.0,4.528297,5.0,5.0,25.0
2468591005,0.0,0.06223759,0.0,0.0,0.0
2490016400,0.0,0.06506168,0.0,0.0,0.0
2335676380,0.0,4.829184,5.0,5.0,25.0
2420327940,0.0,4.6972985,5.0,5.0,25.0
2582598176,0.0,0.066287845,0.0,0.0,0.0
2478503371,0.0,0.063154005,0.0,0.0,0.0
2532966521,0.0,0.062515944,0.0,0.0,0.0
2565879998,0.0,0.06517708,0.0,0.0,0.0
2545079824,0.0,0.06353605,0.0,0.0,0.0
2613668087,0.0,0.06380897,0.0,0.0,0.0
2795207416,0.0,0.06351079,0.0,0.0,0.0
2565031906,0.0,0.0637145,0.0,0.0,0.0
2489345867,0.0,0.06358938,0.0,0.0,0.0
2735471015,0.0,0.063736886,0.0,0.0,0.0
2514173394,0.0,0.06511594,0.0,0.0,0.0
2603695310,0.0,0.06634383,0.0,0.0,0.0
2617894679,0.0,0.063179,0.0,0.0,0.0
2746675799,0.0,0.06335311,0.0,0.0,0.0
2557086401,0.0,0.062465478,0.0,0.0,0.0
2485317395,0.0,0.0645603,0.0,0.0,0.0
2560138818,0.0,0.06343956,0.0,0.0,0.0
2898892937,0.0,0.06258752,0.0,0.0,0.0
2409670133,0.0,4.781876,5.0,5.0,25.0
2908653688,0.0,0.06495897,0.0,0.0,0.0
2508146669,0.0,0.064198546,0.0,0.0,0.0
2333071797,0.0,4.800055,5.0,5.0,25.0
2602982693,0.0,0.06331712,0.0,0.0,0.0
2906081228,0.0,0.0629837,0.0,0.0,0.0
2330952923,0.0,4.843967,5.0,5.0,25.0
2500933837,0.0,0.063667394,0.0,0.0,0.0
2501470145,0.0,0.06444113,0.0,0.0,0.0
3107475864,0.0,0.06599142,0.0,0.0,0.0
3035196590,0.0,0.06370241,0.0,0.0,0.0
2401651582,0.0,4.839504,5.0,5.0,25.0
2491539978,0.0,0.06448953,0.0,0.0,0.0
2496700097,0.0,0.065076105,0.0,0.0,0.0
2472059331,0.0,0.06539255,0.0,0.0,0.0
2530967246,0.0,0.065299295,0.0,0.0,0.0
2269638537,0.0,4.656775,5.0,5.0,25.0
2894356368,0.0,0.06396496,0.0,0.0,0.0
2314420600,0.0,4.843786,5.0,5.0,25.0
3139055655,0.0,0.062269017,0.0,0.0,0.0
2349464668,0.0,4.8411965,5.0,5.0,25.0
2621208458,0.0,0.06355131,0.0,0.0,0.0
2522147283,0.0,0.066067934,0.0,0.0,0.0
2477929632,0.0,0.06468418,0.0,0.0,0.0
647607915,0.0,4.807855,5.0,5.0,25.0
2503450716,0.0,0.06602704,0.0,0.0,0.0
2777067384,0.0,0.063446835,0.0,0.0,0.0
2485367338,0.0,0.065697245,0.0,0.0,0.0
2963451715,0.0,0.06476871,0.0,0.0,0.0
2587242814,0.0,0.064289235,0.0,0.0,0.0
2746713389,0.0,0.062401474,0.0,0.0,0.0
2565639567,0.0,0.064240485,0.0,0.0,0.0
2521818728,0.0,0.06340102,0.0,0.0,0.0
2531036604,0.0,0.06252466,0.0,0.0,0.0
2587173266,0.0,0.06357855,0.0,0.0,0.0
2524703819,0.0,0.06303738,0.0,0.0,0.0
2558091986,0.0,0.062963024,0.0,0.0,0.0
2293083850,0.0,4.63644,5.0,5.0,25.0
2806822271,0.0,0.06278285,0.0,0.0,0.0
2550562767,0.0,0.06393401,0.0,0.0,0.0
2552660265,0.0,0.06552141,0.0,0.0,0.0
2470711974,0.0,0.06346655,0.0,0.0,0.0
2755882850,0.0,0.06291403,0.0,0.0,0.0
2412824770,0.0,4.7427373,5.0,5.0,25.0
2798557382,0.0,0.06319738,0.0,0.0,0.0
3188867248,0.0,0.06262857,0.0,0.0,0.0
2321232516,0.0,4.796699,5.0,5.0,25.0
2942563464,0.0,0.062051594,0.0,0.0,0.0
2476293153,0.0,0.063249476,0.0,0.0,0.0
2412860789,0.0,4.7393966,5.0,5.0,25.0
2548527665,0.0,0.06448195,0.0,0.0,0.0
2494334847,0.0,0.06430808,0.0,0.0,0.0
2798626312,0.0,0.06324869,0.0,0.0,0.0
2403472646,0.0,4.722242,5.0,5.0,25.0
2032282035,0.0,4.7205863,5.0,5.0,25.0
2492029411,0.0,0.06508346,0.0,0.0,0.0
2340323087,0.0,4.8567433,5.0,5.0,25.0
2490631809,0.0,0.064379014,0.0,0.0,0.0
2488674461,0.0,0.06378645,0.0,0.0,0.0
2470118167,0.0,0.06415838,0.0,0.0,0.0
3205633695,0.0,0.06502494,0.0,0.0,0.0
2532719354,0.0,0.06442237,0.0,0.0,0.0
2481362953,0.0,0.06314174,0.0,0.0,0.0
2489410697,0.0,0.062394533,0.0,0.0,0.0
2328629474,0.0,4.547275,5.0,5.0,25.0
2924967477,0.0,0.06418595,0.0,0.0,0.0
2567544115,0.0,0.06494483,0.0,0.0,0.0
2554479551,0.0,0.06527348,0.0,0.0,0.0
2520672523,0.0,0.06315033,0.0,0.0,0.0
2565748915,0.0,0.06291188,0.0,0.0,0.0
2808954281,0.0,0.06479113,0.0,0.0,0.0
2303703348,0.0,4.71532,5.0,5.0,25.0
2272188214,0.0,4.7816863,5.0,5.0,25.0
2970658296,0.0,0.06497716,0.0,0.0,0.0
2473580675,0.0,0.06516046,0.0,0.0,0.0
2970411009,0.0,0.065564185,0.0,0.0,0.0
2521825532,0.0,0.066552654,0.0,0.0,0.0
2316651504,0.0,4.6675296,5.0,5.0,25.0
2352971107,0.0,4.842277,5.0,5.0,25.0
2611491619,0.0,0.06466673,0.0,0.0,0.0
2509008921,0.0,0.06362507,0.0,0.0,0.0
2410581066,0.0,4.8323026,5.0,5.0,25.0
2677358014,0.0,0.06476054,0.0,0.0,0.0
2554636197,0.0,0.06272796,0.0,0.0,0.0
2513140263,0.0,0.06475989,0.0,0.0,0.0
2474130567,0.0,0.06331737,0.0,0.0,0.0
2327537633,0.0,4.694529,5.0,5.0,25.0
2513310495,0.0,0.06499612,0.0,0.0,0.0
2481591222,0.0,0.064030066,0.0,0.0,0.0
2502399566,0.0,0.06555821,0.0,0.0,0.0
2499203550,0.0,0.06486595,0.0,0.0,0.0
2466031987,0.0,0.06544776,0.0,0.0,0.0
2277421000,0.0,4.795976,5.0,5.0,25.0
2336516685,0.0,4.746652,5.0,5.0,25.0
2439060115,0.0,4.7341847,5.0,5.0,25.0
3006660173,0.0,0.06357555,0.0,0.0,0.0
2306208841,0.0,3.399544,3.0,3.0,9.0
2514158748,0.0,0.06389083,0.0,0.0,0.0
2802371563,0.0,0.063592665,0.0,0.0,0.0
2995537973,0.0,0.064817384,0.0,0.0,0.0
2576613078,0.0,0.06327452,0.0,0.0,0.0
2412686630,0.0,4.6601224,5.0,5.0,25.0
2590918615,0.0,0.06298457,0.0,0.0,0.0
2338266314,0.0,4.8263345,5.0,5.0,25.0
2516489381,0.0,0.06430038,0.0,0.0,0.0
2520006669,0.0,0.062344216,0.0,0.0,0.0
2188423905,0.0,4.820213,5.0,5.0,25.0
2528766880,0.0,0.06518404,0.0,0.0,0.0
2605877688,0.0,0.06351499,0.0,0.0,0.0
2582550248,0.0,0.06319557,0.0,0.0,0.0
2516388946,0.0,0.065269366,0.0,0.0,0.0
2317242812,0.0,4.588097,5.0,5.0,25.0
3121878853,0.0,0.06511581,0.0,0.0,0.0
2471484529,0.0,0.061502635,0.0,0.0,0.0
2555969914,0.0,0.06313476,0.0,0.0,0.0
2528558711,0.0,0.06573607,0.0,0.0,0.0
2565287629,0.0,0.06277009,0.0,0.0,0.0
2566548290,0.0,0.06366435,0.0,0.0,0.0
2506454645,0.0,0.0641474,0.0,0.0,0.0
2978281350,0.0,0.06401783,0.0,0.0,0.0
2521579197,0.0,0.06403726,0.0,0.0,0.0
2409112958,0.0,4.7750554,5.0,5.0,25.0
2235487559,0.0,4.73169,5.0,5.0,25.0
2400118572,0.0,4.823664,5.0,5.0,25.0
2555889991,0.0,0.06249832,0.0,0.0,0.0
3026361976,0.0,0.06646617,0.0,0.0,0.0
2529141442,1.0,0.06387144,0.0,1.0,1.0
2048569317,1.0,4.605348,5.0,4.0,16.0
2470298737,1.0,0.063211724,0.0,1.0,1.0
2513149067,1.0,0.06260154,0.0,1.0,1.0
2562520404,1.0,0.06208258,0.0,1.0,1.0
2288496250,1.0,4.6467557,5.0,4.0,16.0
2508623678,1.0,0.06551369,0.0,1.0,1.0
2757179271,1.0,0.06527878,0.0,1.0,1.0
2530005612,1.0,0.06710414,0.0,1.0,1.0
2467353061,1.0,0.06527326,0.0,1.0,1.0
2524433554,1.0,0.06315383,0.0,1.0,1.0
2567629057,1.0,0.06468935,0.0,1.0,1.0
3122742134,1.0,0.064039886,0.0,1.0,1.0
2537034314,1.0,0.06386998,0.0,1.0,1.0
2519454215,1.0,0.06332937,0.0,1.0,1.0
2283637115,1.0,4.6926694,5.0,4.0,16.0
2542964986,1.0,0.064560905,0.0,1.0,1.0
2524627337,1.0,0.064214796,0.0,1.0,1.0
2412970955,1.0,4.832071,5.0,4.0,16.0
2544696940,1.0,0.064163096,0.0,1.0,1.0
2337283287,1.0,4.654489,5.0,4.0,16.0
2508939307,1.0,0.06306832,0.0,1.0,1.0
2281431729,1.0,4.759722,5.0,4.0,16.0
2343700824,1.0,4.778378,5.0,4.0,16.0
2568226113,1.0,0.06468309,0.0,1.0,1.0
2499010674,1.0,0.066756465,0.0,1.0,1.0
2399912130,1.0,4.713449,5.0,4.0,16.0
2604976727,1.0,0.06464508,0.0,1.0,1.0
2510402151,1.0,0.06434983,0.0,1.0,1.0
2747358212,1.0,0.06373906,0.0,1.0,1.0
2485427826,1.0,0.06391718,0.0,1.0,1.0
2905493197,1.0,0.06402964,0.0,1.0,1.0
47152349,1.0,4.7381577,5.0,4.0,16.0
2796388374,1.0,0.06479967,0.0,1.0,1.0
2578325167,1.0,0.06420356,0.0,1.0,1.0
2554140728,1.0,0.06465336,0.0,1.0,1.0
2738307397,1.0,0.064156815,0.0,1.0,1.0
2570709396,1.0,0.06359505,0.0,1.0,1.0
2536945699,1.0,0.06358136,0.0,1.0,1.0
2609948493,1.0,0.065001115,0.0,1.0,1.0
2567524838,1.0,0.06228347,0.0,1.0,1.0
2561598973,1.0,0.0641667,0.0,1.0,1.0
2528420678,1.0,0.06480026,0.0,1.0,1.0
2604507236,1.0,0.06419292,0.0,1.0,1.0
2594343714,1.0,0.06512323,0.0,1.0,1.0
2502975361,1.0,0.06403646,0.0,1.0,1.0
2518884577,1.0,0.06305437,0.0,1.0,1.0
2264861773,1.0,4.727979,5.0,4.0,16.0
2612019605,1.0,0.065159366,0.0,1.0,1.0
2904640817,1.0,0.06463825,0.0,1.0,1.0
3021800885,1.0,0.06377268,0.0,1.0,1.0
2756461021,1.0,0.06270823,0.0,1.0,1.0
2561488043,1.0,0.063871875,0.0,1.0,1.0
2610927611,1.0,0.06408873,0.0,1.0,1.0
2904376215,1.0,0.06318224,0.0,1.0,1.0
3001373334,1.0,0.064696044,0.0,1.0,1.0
2513202947,1.0,0.06490717,0.0,1.0,1.0
2562040542,1.0,0.06493753,0.0,1.0,1.0
2496897465,1.0,0.06376055,0.0,1.0,1.0
2512867908,1.0,0.06344297,0.0,1.0,1.0
2342878691,1.0,4.7024026,5.0,4.0,16.0
1732634688,1.0,4.704284,5.0,4.0,16.0
2412233977,1.0,4.834988,5.0,4.0,16.0
2558618886,1.0,0.064822234,0.0,1.0,1.0
2324277361,1.0,4.664661,5.0,4.0,16.0
2563358349,1.0,0.06446911,0.0,1.0,1.0
2613700342,1.0,0.06340052,0.0,1.0,1.0
2576233417,1.0,0.06396021,0.0,1.0,1.0
2295491396,1.0,4.6897435,5.0,4.0,16.0
2494578452,1.0,0.06387199,0.0,1.0,1.0
2537216260,1.0,0.063767925,0.0,1.0,1.0
2329034805,2.0,4.530011,5.0,3.0,9.0
2194725497,2.0,4.836147,5.0,3.0,9.0
2567038016,2.0,0.06566761,0.0,2.0,4.0
2096028632,2.0,4.7197948,5.0,3.0,9.0
2460182240,2.0,4.8385215,5.0,3.0,9.0
2343547486,2.0,4.426686,4.0,2.0,4.0
2563484805,2.0,0.06293641,0.0,2.0,4.0
2519543947,2.0,0.0641869,0.0,2.0,4.0
2490741397,2.0,0.06530386,0.0,2.0,4.0
2347130864,2.0,4.6863494,5.0,3.0,9.0
2485247749,2.0,0.06441937,0.0,2.0,4.0
2522137730,2.0,0.06355044,0.0,2.0,4.0
2495220693,2.0,0.0638521,0.0,2.0,4.0
2529264627,2.0,0.063910045,0.0,2.0,4.0
2293567432,2.0,4.6823506,5.0,3.0,9.0
2559959286,2.0,0.065563306,0.0,2.0,4.0
2473659328,2.0,0.063169405,0.0,2.0,4.0
2395989859,2.0,4.835942,5.0,3.0,9.0
2432415866,2.0,4.8343434,5.0,3.0,9.0
2530678062,2.0,0.06504662,0.0,2.0,4.0
2522636854,2.0,0.06426079,0.0,2.0,4.0
2557665991,2.0,0.064609684,0.0,2.0,4.0
1931631512,2.0,4.8002114,5.0,3.0,9.0
2606097723,2.0,0.06365808,0.0,2.0,4.0
2460524092,2.0,4.8416142,5.0,3.0,9.0
2470800846,2.0,0.06396052,0.0,2.0,4.0
2571514476,2.0,0.063036725,0.0,2.0,4.0
2791241159,2.0,0.061800987,0.0,2.0,4.0
2357454264,2.0,4.807757,5.0,3.0,9.0
3013199898,2.0,0.064276926,0.0,2.0,4.0
2354093567,2.0,4.8438134,5.0,3.0,9.0
2512919177,2.0,0.06532138,0.0,2.0,4.0
2499966170,2.0,0.064410165,0.0,2.0,4.0
2562121088,2.0,0.06339185,0.0,2.0,4.0
2335862025,2.0,4.763986,5.0,3.0,9.0
2529925162,2.0,0.06381224,0.0,2.0,4.0
2513763088,2.0,0.06507394,0.0,2.0,4.0
2586094762,2.0,0.064394236,0.0,2.0,4.0
2515785337,2.0,0.06332761,0.0,2.0,4.0
2416696267,2.0,4.695212,5.0,3.0,9.0
2745547726,2.0,0.06344237,0.0,2.0,4.0
2492244069,2.0,0.064596325,0.0,2.0,4.0
2431501505,2.0,4.635656,5.0,3.0,9.0
2554430221,2.0,0.063851714,0.0,2.0,4.0
2321812707,2.0,4.8253274,5.0,3.0,9.0
2768136987,2.0,0.06425323,0.0,2.0,4.0
2406151306,2.0,4.797751,5.0,3.0,9.0
2471497505,2.0,0.06406102,0.0,2.0,4.0
2477394928,2.0,0.064830825,0.0,2.0,4.0
2468859420,2.0,0.064065605,0.0,2.0,4.0
2500976910,2.0,0.064434856,0.0,2.0,4.0
2068372122,2.0,4.744741,5.0,3.0,9.0
2335235456,2.0,4.8441052,5.0,3.0,9.0
2580939174,2.0,0.063956656,0.0,2.0,4.0
2527480587,2.0,0.06453524,0.0,2.0,4.0
2521033621,2.0,0.06321545,0.0,2.0,4.0
2491127669,2.0,0.06343504,0.0,2.0,4.0
1858175654,2.0,4.8066783,5.0,3.0,9.0
2401109385,2.0,4.7963567,5.0,3.0,9.0
2561235005,2.0,0.063601695,0.0,2.0,4.0
2526268906,2.0,0.06464649,0.0,2.0,4.0
2467889309,2.0,0.063302174,0.0,2.0,4.0
2942505706,2.0,0.06339988,0.0,2.0,4.0
2521517244,2.0,0.062864535,0.0,2.0,4.0
2581552266,2.0,0.06412753,0.0,2.0,4.0
2462496707,2.0,0.06425625,0.0,2.0,4.0
2530756043,2.0,0.064784296,0.0,2.0,4.0
2485378332,2.0,0.06290189,0.0,2.0,4.0
2513392807,3.0,0.063903555,0.0,3.0,9.0
2309416032,3.0,4.7786717,5.0,2.0,4.0
2470136526,3.0,0.063925564,0.0,3.0,9.0
2287999764,3.0,4.764751,5.0,2.0,4.0
2602117536,3.0,0.06370908,0.0,3.0,9.0
2781713777,3.0,0.064132266,0.0,3.0,9.0
2198129762,3.0,4.686401,5.0,2.0,4.0
2472694296,3.0,0.06307343,0.0,3.0,9.0
2519480503,3.0,0.06446846,0.0,3.0,9.0
2527712117,3.0,0.063592255,0.0,3.0,9.0
2550376208,3.0,0.06505973,0.0,3.0,9.0
2469455909,3.0,0.06413387,0.0,3.0,9.0
2555137806,3.0,0.065106794,0.0,3.0,9.0
2732288723,3.0,0.064606264,0.0,3.0,9.0
2278964995,3.0,4.8437734,5.0,2.0,4.0
2256461969,3.0,4.6098456,5.0,2.0,4.0
2575385317,3.0,0.06459893,0.0,3.0,9.0
2563095843,3.0,0.06389558,0.0,3.0,9.0
2555700796,3.0,0.065063715,0.0,3.0,9.0
2322281070,3.0,4.8447165,5.0,2.0,4.0
1826961654,3.0,4.765598,5.0,2.0,4.0
2410052707,3.0,4.79796,5.0,2.0,4.0
2593064986,3.0,0.06537099,0.0,3.0,9.0
2321006712,3.0,4.7345424,5.0,2.0,4.0
2593945766,3.0,0.06350912,0.0,3.0,9.0
2588664838,3.0,0.063665584,0.0,3.0,9.0
2574503331,3.0,0.06476383,0.0,3.0,9.0
2606816380,3.0,0.06359641,0.0,3.0,9.0
2504074009,3.0,0.06461206,0.0,3.0,9.0
2549117017,3.0,0.06332306,0.0,3.0,9.0
2485956280,3.0,0.06492573,0.0,3.0,9.0
2462654316,3.0,0.064035535,0.0,3.0,9.0
2785217866,3.0,0.063300274,0.0,3.0,9.0
2208285788,3.0,4.712978,5.0,2.0,4.0
2279658528,3.0,4.7690663,5.0,2.0,4.0
2530542955,3.0,0.06391597,0.0,3.0,9.0
2555876412,3.0,0.062669724,0.0,3.0,9.0
2530410806,3.0,0.063657776,0.0,3.0,9.0
2562876033,3.0,0.06421768,0.0,3.0,9.0
2607360888,3.0,0.06495583,0.0,3.0,9.0
2540349352,3.0,0.06271305,0.0,3.0,9.0
2560783144,3.0,0.063109905,0.0,3.0,9.0
2298629552,3.0,4.1882114,4.0,1.0,1.0
2914964779,3.0,0.06557186,0.0,3.0,9.0
2521999606,3.0,0.06412476,0.0,3.0,9.0
2408396301,3.0,4.7785172,5.0,2.0,4.0
2622076263,3.0,0.06387069,0.0,3.0,9.0
2419559495,3.0,4.7937074,5.0,2.0,4.0
2475137007,4.0,0.06380216,0.0,4.0,16.0
2472800985,4.0,0.06367487,0.0,4.0,16.0
2495979260,4.0,0.06536232,0.0,4.0,16.0
2810068734,4.0,0.066059634,0.0,4.0,16.0
2567254556,4.0,0.06421946,0.0,4.0,16.0
2533691837,4.0,0.06367399,0.0,4.0,16.0
2513393338,4.0,0.064325035,0.0,4.0,16.0
2584955099,4.0,0.06415453,0.0,4.0,16.0
2887037378,4.0,0.06259992,0.0,4.0,16.0
2541463630,4.0,0.06335218,0.0,4.0,16.0
2286448739,4.0,4.490284,4.0,0.0,0.0
2418782470,4.0,4.826221,5.0,1.0,1.0
2528834331,4.0,0.06373751,0.0,4.0,16.0
2977869735,4.0,0.062365443,0.0,4.0,16.0
2510399467,4.0,0.06407829,0.0,4.0,16.0
2525763085,4.0,0.06497538,0.0,4.0,16.0
2394824450,4.0,4.7842784,5.0,1.0,1.0
2758229072,4.0,0.06464962,0.0,4.0,16.0
2277857295,4.0,4.7988276,5.0,1.0,1.0
2589501710,4.0,0.06261041,0.0,4.0,16.0
2275528019,4.0,4.727737,5.0,1.0,1.0
2417147779,5.0,4.7203507,5.0,0.0,0.0
2493470870,5.0,0.06436254,0.0,5.0,25.0
2461382857,5.0,0.063320845,0.0,5.0,25.0
2798242870,5.0,0.064686224,0.0,5.0,25.0
2286357165,5.0,4.8438735,5.0,0.0,0.0
2293067437,5.0,4.8052993,5.0,0.0,0.0
2511014319,5.0,0.06380881,0.0,5.0,25.0
48551328,5.0,4.5050406,5.0,0.0,0.0
2529882956,5.0,0.063904956,0.0,5.0,25.0
2337014643,5.0,4.756781,5.0,0.0,0.0
2320748655,5.0,4.5892625,5.0,0.0,0.0
2538628339,5.0,0.06246204,0.0,5.0,25.0
2307868004,5.0,4.667668,5.0,0.0,0.0
1629529305,5.0,4.6392474,5.0,0.0,0.0
2503484965,5.0,0.06356636,0.0,5.0,25.0
2591650919,5.0,0.06331886,0.0,5.0,25.0
2328503102,5.0,3.4849007,3.0,2.0,4.0
2314128499,5.0,4.591351,5.0,0.0,0.0
2524250756,5.0,0.06357857,0.0,5.0,25.0
2300931106,5.0,4.5451818,5.0,0.0,0.0
2499154802,5.0,0.06320686,0.0,5.0,25.0
2613203057,5.0,0.06406001,0.0,5.0,25.0
2521621691,5.0,0.06468746,0.0,5.0,25.0
2335500230,5.0,4.650767,5.0,0.0,0.0
2472507518,5.0,0.065047994,0.0,5.0,25.0
2531238645,5.0,0.06411821,0.0,5.0,25.0
2345599210,5.0,4.7615294,5.0,0.0,0.0
2472324045,5.0,0.062620915,0.0,5.0,25.0
2460929141,5.0,0.06435395,0.0,5.0,25.0
2467740636,5.0,0.06377359,0.0,5.0,25.0
2467016750,5.0,0.064136095,0.0,5.0,25.0
2560684917,5.0,0.06543209,0.0,5.0,25.0
1877753598,6.0,4.7329526,5.0,1.0,1.0
2411184134,6.0,4.6926465,5.0,1.0,1.0
2563043746,6.0,0.06463743,0.0,6.0,36.0
2625593932,6.0,0.06280657,0.0,6.0,36.0
2232772327,6.0,4.82904,5.0,1.0,1.0
2529227934,6.0,0.063909024,0.0,6.0,36.0
2562878547,6.0,0.06450578,0.0,6.0,36.0
2526708172,6.0,0.062621005,0.0,6.0,36.0
2275087585,6.0,4.844709,5.0,1.0,1.0
2287033250,6.0,4.8446517,5.0,1.0,1.0
2338972291,6.0,4.792523,5.0,1.0,1.0
2475768571,6.0,0.06389742,0.0,6.0,36.0
2327063737,6.0,4.84215,5.0,1.0,1.0
2494379824,6.0,0.062672295,0.0,6.0,36.0
2553708654,6.0,0.064109735,0.0,6.0,36.0
1874376466,6.0,4.827805,5.0,1.0,1.0
2531780913,6.0,0.06393911,0.0,6.0,36.0
2532600399,6.0,0.063341774,0.0,6.0,36.0
2316754252,6.0,4.7744403,5.0,1.0,1.0
2486964827,6.0,0.063435934,0.0,6.0,36.0
2484079832,6.0,0.064111024,0.0,6.0,36.0
2009557461,6.0,4.801225,5.0,1.0,1.0
2297231195,6.0,4.7544427,5.0,1.0,1.0
1484517061,6.0,4.6077647,5.0,1.0,1.0
2905233239,6.0,0.06379294,0.0,6.0,36.0
1931707393,6.0,4.8278766,5.0,1.0,1.0
2274667406,6.0,4.770737,5.0,1.0,1.0
2482312498,6.0,0.06435366,0.0,6.0,36.0
2740941794,6.0,0.06307621,0.0,6.0,36.0
3189879950,6.0,0.06278129,0.0,6.0,36.0
2523080050,6.0,0.064366296,0.0,6.0,36.0
2413601368,7.0,4.5991464,5.0,2.0,4.0
1676413743,7.0,4.6329865,5.0,2.0,4.0
2529413679,7.0,0.06415363,0.0,7.0,49.0
2266788579,7.0,4.45142,4.0,3.0,9.0
2543386795,7.0,0.06358406,0.0,7.0,49.0
2493318551,7.0,0.0643193,0.0,7.0,49.0
2559768738,7.0,0.0646092,0.0,7.0,49.0
2401455235,7.0,4.7057195,5.0,2.0,4.0
2615806619,7.0,0.065586545,0.0,7.0,49.0
2295905186,7.0,4.7993455,5.0,2.0,4.0
2340961775,7.0,4.7999625,5.0,2.0,4.0
2533356606,7.0,0.06522791,0.0,7.0,49.0
2338427583,7.0,4.79063,5.0,2.0,4.0
2517535752,7.0,0.06294681,0.0,7.0,49.0
2199644663,7.0,4.5129647,5.0,2.0,4.0
2346758078,7.0,4.833941,5.0,2.0,4.0
2560907925,7.0,0.06471841,0.0,7.0,49.0
2562857256,7.0,0.065239586,0.0,7.0,49.0
2563753395,7.0,0.06511373,0.0,7.0,49.0
2270558187,7.0,4.7911477,5.0,2.0,4.0
2494546319,7.0,0.063675046,0.0,7.0,49.0
2513505334,7.0,0.06416683,0.0,7.0,49.0
2599839171,8.0,0.06330432,0.0,8.0,64.0
2504883857,8.0,0.064182945,0.0,8.0,64.0
2440230026,8.0,4.7502093,5.0,3.0,9.0
2314581391,8.0,4.818723,5.0,3.0,9.0
2526190105,8.0,0.0638744,0.0,8.0,64.0
2553518337,8.0,0.065024614,0.0,8.0,64.0
2527151454,8.0,0.06396471,0.0,8.0,64.0
2493792742,8.0,0.06364094,0.0,8.0,64.0
2473963933,8.0,0.06445826,0.0,8.0,64.0
2407868629,8.0,4.837936,5.0,3.0,9.0
2621391951,8.0,0.06584348,0.0,8.0,64.0
2551738032,8.0,0.06318689,0.0,8.0,64.0
2221869888,8.0,4.7645955,5.0,3.0,9.0
2560786312,8.0,0.064625055,0.0,8.0,64.0
2542619585,8.0,0.06313841,0.0,8.0,64.0
1725592477,8.0,4.7723584,5.0,3.0,9.0
2619556479,8.0,0.06388086,0.0,8.0,64.0
2515321835,8.0,0.06543939,0.0,8.0,64.0
2467102552,8.0,0.06382781,0.0,8.0,64.0
2613814467,8.0,0.063183874,0.0,8.0,64.0
3000625259,8.0,0.06499371,0.0,8.0,64.0
2313322491,8.0,4.7699084,5.0,3.0,9.0
2552003067,9.0,0.062327668,0.0,9.0,81.0
2402492953,9.0,4.8414254,5.0,4.0,16.0
2509288914,9.0,0.06379357,0.0,9.0,81.0
2621486701,9.0,0.062883645,0.0,9.0,81.0
2520974936,9.0,0.0650791,0.0,9.0,81.0
2560943728,9.0,0.06383109,0.0,9.0,81.0
2262023233,9.0,4.698731,5.0,4.0,16.0
2320483908,9.0,4.8017983,5.0,4.0,16.0
2477661762,9.0,0.064333476,0.0,9.0,81.0
2539031078,9.0,0.06411581,0.0,9.0,81.0
2475819242,9.0,0.06376159,0.0,9.0,81.0
2804970948,9.0,0.06535539,0.0,9.0,81.0
2283770997,9.0,4.620113,5.0,4.0,16.0
2501780105,9.0,0.06512385,0.0,9.0,81.0
2466494036,9.0,0.06404737,0.0,9.0,81.0
2581757725,9.0,0.065668784,0.0,9.0,81.0
2509197617,9.0,0.065261744,0.0,9.0,81.0
2547482371,9.0,0.064705305,0.0,9.0,81.0
2581638715,9.0,0.065839976,0.0,9.0,81.0
2430501924,9.0,4.670523,5.0,4.0,16.0
2029077226,9.0,4.8236423,5.0,4.0,16.0
2487113000,9.0,0.06469029,0.0,9.0,81.0
3123387276,9.0,0.06251845,0.0,9.0,81.0
2257085947,9.0,4.716581,5.0,4.0,16.0
2172729671,9.0,4.763532,5.0,4.0,16.0
2338231175,9.0,4.818394,5.0,4.0,16.0
2331109016,9.0,4.676879,5.0,4.0,16.0
2269001873,9.0,4.792003,5.0,4.0,16.0
2553072149,10.0,0.06376528,0.0,10.0,100.0
2521285728,10.0,0.06525008,0.0,10.0,100.0
2588412443,10.0,0.06299634,0.0,10.0,100.0
2605533068,10.0,0.06294349,0.0,10.0,100.0
1923875558,10.0,4.8275695,5.0,5.0,25.0
2503819205,10.0,0.06405392,0.0,10.0,100.0
1882253762,10.0,4.8049617,5.0,5.0,25.0
2490121132,10.0,0.06257496,0.0,10.0,100.0
2313694722,10.0,4.793922,5.0,5.0,25.0
2548954717,10.0,0.0626131,0.0,10.0,100.0
2564462123,10.0,0.06304389,0.0,10.0,100.0
2460673032,10.0,4.827459,5.0,5.0,25.0
2499165669,10.0,0.064871326,0.0,10.0,100.0
2330951845,10.0,4.7416744,5.0,5.0,25.0
2472559112,10.0,0.06348534,0.0,10.0,100.0
2559915812,10.0,0.06484982,0.0,10.0,100.0
2758895613,10.0,0.06533171,0.0,10.0,100.0
2399359143,10.0,4.778085,5.0,5.0,25.0
2337721089,10.0,4.812135,5.0,5.0,25.0
2753721786,10.0,0.0637501,0.0,10.0,100.0
2344277096,10.0,4.763044,5.0,5.0,25.0
2572856696,10.0,0.06463321,0.0,10.0,100.0
2603287831,10.0,0.06527305,0.0,10.0,100.0
2496586741,10.0,0.06473076,0.0,10.0,100.0
2417464017,11.0,4.649403,5.0,6.0,36.0
2574514498,11.0,0.063647985,0.0,11.0,121.0
2341888629,11.0,4.812245,5.0,6.0,36.0
1992753272,11.0,4.738033,5.0,6.0,36.0
2333759730,11.0,4.8440356,5.0,6.0,36.0
2621031872,11.0,0.061543137,0.0,11.0,121.0
2596462803,11.0,0.0641684,0.0,11.0,121.0
2033653788,11.0,4.796704,5.0,6.0,36.0
2527195993,11.0,0.06499726,0.0,11.0,121.0
2479240931,11.0,0.062273197,0.0,11.0,121.0
2297573234,11.0,4.8229527,5.0,6.0,36.0
3123424163,11.0,0.06426561,0.0,11.0,121.0
656184806,11.0,4.7575765,5.0,6.0,36.0
2531304208,11.0,0.06376657,0.0,11.0,121.0
2463474699,11.0,0.06438099,0.0,11.0,121.0
2419064850,11.0,4.839455,5.0,6.0,36.0
2501100415,11.0,0.065577224,0.0,11.0,121.0
2405999553,11.0,4.8252244,5.0,6.0,36.0
2483990950,11.0,0.06534929,0.0,11.0,121.0
2726134674,11.0,0.06373531,0.0,11.0,121.0
2520581962,11.0,0.06358953,0.0,11.0,121.0
2548491773,11.0,0.064308085,0.0,11.0,121.0
2519381154,11.0,0.06410013,0.0,11.0,121.0
2557997338,11.0,0.06509699,0.0,11.0,121.0
2417143014,11.0,4.7205434,5.0,6.0,36.0
2328662132,11.0,4.8144536,5.0,6.0,36.0
2379182648,11.0,4.827638,5.0,6.0,36.0
2284430770,11.0,4.6967893,5.0,6.0,36.0
2483002246,11.0,0.06385661,0.0,11.0,121.0
2470639246,11.0,0.06447753,0.0,11.0,121.0
2489875309,12.0,0.06357093,0.0,12.0,144.0
2342239853,12.0,4.63646,5.0,7.0,49.0
2479031981,12.0,0.06480903,0.0,12.0,144.0
2732472631,12.0,0.06306249,0.0,12.0,144.0
1544913384,12.0,4.659138,5.0,7.0,49.0
2295455991,12.0,4.609834,5.0,7.0,49.0
2293200885,12.0,4.793406,5.0,7.0,49.0
2403499666,12.0,4.5926166,5.0,7.0,49.0
2491478023,12.0,0.06316164,0.0,12.0,144.0
2301208183,12.0,4.833323,5.0,7.0,49.0
2528515017,12.0,0.06466338,0.0,12.0,144.0
2228886673,12.0,4.748015,5.0,7.0,49.0
2304636296,12.0,4.6990743,5.0,7.0,49.0
2070086395,12.0,4.838041,5.0,7.0,49.0
2522346430,12.0,0.0646709,0.0,12.0,144.0
2302250802,12.0,4.817901,5.0,7.0,49.0
2324969438,12.0,4.8333974,5.0,7.0,49.0
2534397009,12.0,0.063312344,0.0,12.0,144.0
2512148628,13.0,0.06311454,0.0,13.0,169.0
2504032266,13.0,0.06376971,0.0,13.0,169.0
2262925945,13.0,4.8108306,5.0,8.0,64.0
2524438288,13.0,0.064361036,0.0,13.0,169.0
2286488274,13.0,4.692225,5.0,8.0,64.0
2410471291,13.0,4.7867856,5.0,8.0,64.0
2461644661,13.0,0.06428208,0.0,13.0,169.0
2400488186,13.0,4.798075,5.0,8.0,64.0
2513318057,13.0,0.06285387,0.0,13.0,169.0
2303461378,13.0,4.709478,5.0,8.0,64.0
2494148132,13.0,0.06365998,0.0,13.0,169.0
2331908897,13.0,4.73694,5.0,8.0,64.0
2520024809,13.0,0.06386167,0.0,13.0,169.0
2469687198,13.0,0.06536635,0.0,13.0,169.0
2312282174,13.0,4.772139,5.0,8.0,64.0
299876291,13.0,4.737396,5.0,8.0,64.0
2509445146,13.0,0.06266573,0.0,13.0,169.0
2120232953,13.0,4.6318,5.0,8.0,64.0
2567417429,13.0,0.06634091,0.0,13.0,169.0
2483540770,13.0,0.06420827,0.0,13.0,169.0
2412197886,13.0,4.8271413,5.0,8.0,64.0
2571165813,13.0,0.06511502,0.0,13.0,169.0
2465557001,13.0,0.065353885,0.0,13.0,169.0
2512515338,13.0,0.06646602,0.0,13.0,169.0
2517449211,13.0,0.063468516,0.0,13.0,169.0
2463882968,13.0,0.064578444,0.0,13.0,169.0
2564064898,13.0,0.06343439,0.0,13.0,169.0
2465135050,13.0,0.0656436,0.0,13.0,169.0
2350317372,14.0,4.751207,5.0,9.0,81.0
2496710101,14.0,0.065762624,0.0,14.0,196.0
2437576316,14.0,4.6622796,5.0,9.0,81.0
2522359616,14.0,0.06220655,0.0,14.0,196.0
2540647733,14.0,0.063654095,0.0,14.0,196.0
2548426884,14.0,0.06494665,0.0,14.0,196.0
2544182437,14.0,0.06290659,0.0,14.0,196.0
2566149050,14.0,0.06442322,0.0,14.0,196.0
2307392586,14.0,4.782697,5.0,9.0,81.0
2562376283,14.0,0.06398979,0.0,14.0,196.0
2488309030,14.0,0.06462698,0.0,14.0,196.0
2785410170,14.0,0.064334854,0.0,14.0,196.0
2304801229,14.0,4.815326,5.0,9.0,81.0
2515593551,14.0,0.06410682,0.0,14.0,196.0
2528537160,14.0,0.06327881,0.0,14.0,196.0
2488450565,14.0,0.06419369,0.0,14.0,196.0
2530431673,14.0,0.064623386,0.0,14.0,196.0
2415770493,14.0,4.8100123,5.0,9.0,81.0
2323237173,15.0,4.80063,5.0,10.0,100.0
2342633501,15.0,4.8441205,5.0,10.0,100.0
3124206535,15.0,0.06477912,0.0,15.0,225.0
2474654332,15.0,0.06532359,0.0,15.0,225.0
2227126460,15.0,4.6922717,5.0,10.0,100.0
2031816466,15.0,4.814758,5.0,10.0,100.0
2504800541,15.0,0.06558723,0.0,15.0,225.0
2520635730,15.0,0.062210236,0.0,15.0,225.0
2430799799,15.0,4.828734,5.0,10.0,100.0
2495544543,15.0,0.06405474,0.0,15.0,225.0
2505611126,15.0,0.06447363,0.0,15.0,225.0
2172302579,15.0,4.6491876,5.0,10.0,100.0
2438966222,15.0,4.8012195,5.0,10.0,100.0
2549182410,15.0,0.06429595,0.0,15.0,225.0
2002030775,15.0,4.8177543,5.0,10.0,100.0
2480592888,15.0,0.06456166,0.0,15.0,225.0
2534162741,15.0,0.06433926,0.0,15.0,225.0
2468401515,15.0,0.06326775,0.0,15.0,225.0
2416447077,15.0,4.723062,5.0,10.0,100.0
2130093938,16.0,4.7215457,5.0,11.0,121.0
2481701460,16.0,0.0654902,0.0,16.0,256.0
2430759976,16.0,4.4896116,4.0,12.0,144.0
2735009961,16.0,0.064359546,0.0,16.0,256.0
2520869386,16.0,0.06326012,0.0,16.0,256.0
2496917451,16.0,0.0638753,0.0,16.0,256.0
2336827432,16.0,4.807688,5.0,11.0,121.0
2500747758,16.0,0.06468644,0.0,16.0,256.0
2483121975,16.0,0.06502668,0.0,16.0,256.0
2330560004,16.0,4.776939,5.0,11.0,121.0
2600504333,16.0,0.066419974,0.0,16.0,256.0
2328124255,16.0,4.711532,5.0,11.0,121.0
2316114761,17.0,4.854649,5.0,12.0,144.0
2315715338,17.0,4.2406063,4.0,13.0,169.0
2508919819,17.0,0.06311393,0.0,17.0,289.0
2585123467,17.0,0.06300662,0.0,17.0,289.0
2433270930,17.0,4.801788,5.0,12.0,144.0
2105860758,17.0,4.796492,5.0,12.0,144.0
2499250871,17.0,0.06302232,0.0,17.0,289.0
2180718181,17.0,4.841595,5.0,12.0,144.0
2441214560,17.0,4.828587,5.0,12.0,144.0
2594201320,17.0,0.06643721,0.0,17.0,289.0
2251995517,17.0,4.7783,5.0,12.0,144.0
2299536612,17.0,4.6896625,5.0,12.0,144.0
2469294287,17.0,0.06541383,0.0,17.0,289.0
2563697608,17.0,0.06312513,0.0,17.0,289.0
2342488305,17.0,4.4760866,4.0,13.0,169.0
2519117943,17.0,0.06371935,0.0,17.0,289.0
2495060206,18.0,0.062330868,0.0,18.0,324.0
2413771064,18.0,4.8008657,5.0,13.0,169.0
2541369359,18.0,0.06258969,0.0,18.0,324.0
2518705842,18.0,0.06511568,0.0,18.0,324.0
2105980612,18.0,4.8369985,5.0,13.0,169.0
2489377701,18.0,0.06455456,0.0,18.0,324.0
2600607412,18.0,0.060853403,0.0,18.0,324.0
2524974024,18.0,0.06330007,0.0,18.0,324.0
2557084478,18.0,0.06419125,0.0,18.0,324.0
2472253663,18.0,0.06404804,0.0,18.0,324.0
2492957280,18.0,0.06403805,0.0,18.0,324.0
2581128373,18.0,0.06476843,0.0,18.0,324.0
2514619987,19.0,0.063801184,0.0,19.0,361.0
2380573428,19.0,4.8043075,5.0,14.0,196.0
2516243045,19.0,0.06318529,0.0,19.0,361.0
2507596912,19.0,0.06387977,0.0,19.0,361.0
2320739278,19.0,4.8566327,5.0,14.0,196.0
2517196875,19.0,0.06436578,0.0,19.0,361.0
2046073025,19.0,4.7781987,5.0,14.0,196.0
2425283194,19.0,4.6563306,5.0,14.0,196.0
2567584241,19.0,0.064638816,0.0,19.0,361.0
2498035918,19.0,0.062672004,0.0,19.0,361.0
2294854541,19.0,4.7825847,5.0,14.0,196.0
2501830426,20.0,0.06503846,0.0,20.0,400.0
2337261169,20.0,4.825043,5.0,15.0,225.0
2513089352,20.0,0.06369853,0.0,20.0,400.0
2418461856,20.0,4.7363753,5.0,15.0,225.0
2420120415,20.0,4.8002305,5.0,15.0,225.0
2536522373,20.0,0.066011414,0.0,20.0,400.0
2279476813,20.0,4.8056855,5.0,15.0,225.0
2595621665,20.0,0.06404173,0.0,20.0,400.0
2589069394,20.0,0.06287247,0.0,20.0,400.0
2432378680,21.0,4.83915,5.0,16.0,256.0
2372821676,21.0,4.7138906,5.0,16.0,256.0
2527941386,21.0,0.06435414,0.0,21.0,441.0
2582977549,22.0,0.06557897,0.0,22.0,484.0
2293028189,22.0,4.797279,5.0,17.0,289.0
2587549027,22.0,0.065518044,0.0,22.0,484.0
2304744448,22.0,4.7005115,5.0,17.0,289.0
2512602264,22.0,0.06323956,0.0,22.0,484.0
2299029908,22.0,4.7948384,5.0,17.0,289.0
2530511625,22.0,0.06430293,0.0,22.0,484.0
2554695664,22.0,0.06455138,0.0,22.0,484.0
2337544044,22.0,4.7713923,5.0,17.0,289.0
2341824237,22.0,4.8078494,5.0,17.0,289.0
3094159189,22.0,0.06421441,0.0,22.0,484.0
2516027706,22.0,0.063221276,0.0,22.0,484.0
2174944749,22.0,4.764051,5.0,17.0,289.0
2572936893,22.0,0.06438876,0.0,22.0,484.0
2245855275,22.0,4.7369666,5.0,17.0,289.0
2563096639,22.0,0.06427975,0.0,22.0,484.0
2150095973,22.0,4.8245864,5.0,17.0,289.0
2564442939,22.0,0.06501265,0.0,22.0,484.0
2339664422,22.0,4.822086,5.0,17.0,289.0
2441905130,23.0,4.7490754,5.0,18.0,324.0
2020750209,23.0,4.841499,5.0,18.0,324.0
2203964844,23.0,4.8130774,5.0,18.0,324.0
2521898812,23.0,0.0654188,0.0,23.0,529.0
2556707935,23.0,0.063081086,0.0,23.0,529.0
2511052019,23.0,0.064154714,0.0,23.0,529.0
2406046476,23.0,4.7919936,5.0,18.0,324.0
2476562186,23.0,0.06302719,0.0,23.0,529.0
2038110325,23.0,4.7526813,5.0,18.0,324.0
2763586640,23.0,0.062731996,0.0,23.0,529.0
2316908133,23.0,4.8457217,5.0,18.0,324.0
2435679811,24.0,4.423349,4.0,20.0,400.0
2288789747,24.0,4.7692637,5.0,19.0,361.0
2525719414,24.0,0.06569063,0.0,24.0,576.0
2344124076,24.0,4.786553,5.0,19.0,361.0
2522659373,24.0,0.06335285,0.0,24.0,576.0
2523794096,24.0,0.06528437,0.0,24.0,576.0
2539614970,24.0,0.06366585,0.0,24.0,576.0
2515983240,24.0,0.0646656,0.0,24.0,576.0
2290806195,24.0,4.794645,5.0,19.0,361.0
2568586711,25.0,0.065391734,0.0,25.0,625.0
2271532988,25.0,4.8022065,5.0,20.0,400.0
2550781902,25.0,0.062356085,0.0,25.0,625.0
2345746598,25.0,4.7179933,5.0,20.0,400.0
766763165,25.0,4.707927,5.0,20.0,400.0
2291405526,25.0,4.834563,5.0,20.0,400.0
2502201600,25.0,0.06336281,0.0,25.0,625.0
2331066796,25.0,4.829744,5.0,20.0,400.0
2135768138,25.0,4.7384887,5.0,20.0,400.0
2495232843,25.0,0.06458491,0.0,25.0,625.0
2292657180,26.0,4.8183255,5.0,21.0,441.0
2588002045,26.0,0.06283077,0.0,26.0,676.0
2503572047,26.0,0.06288242,0.0,26.0,676.0
3124001593,26.0,0.06500219,0.0,26.0,676.0
2556929938,26.0,0.063013,0.0,26.0,676.0
2175363846,26.0,4.8394256,5.0,21.0,441.0
2551954272,26.0,0.06313695,0.0,26.0,676.0
2561001904,26.0,0.063783586,0.0,26.0,676.0
2502128910,27.0,0.06422116,0.0,27.0,729.0
2489776366,27.0,0.06400396,0.0,27.0,729.0
2328585339,27.0,4.830459,5.0,22.0,484.0
2592790259,27.0,0.06510689,0.0,27.0,729.0
2514639872,27.0,0.06359368,0.0,27.0,729.0
2319364398,28.0,4.753548,5.0,23.0,529.0
2564200393,28.0,0.06346202,0.0,28.0,784.0
2410736143,28.0,4.72467,5.0,23.0,529.0
2703934661,28.0,0.06482616,0.0,28.0,784.0
2462422158,28.0,0.064598694,0.0,28.0,784.0
2569762281,28.0,0.064178124,0.0,28.0,784.0
2464610697,28.0,0.06278495,0.0,28.0,784.0
2751295059,28.0,0.06378611,0.0,28.0,784.0
2258625884,28.0,4.7825055,5.0,23.0,529.0
1536327852,28.0,4.6828394,5.0,23.0,529.0
2226777954,28.0,4.844751,5.0,23.0,529.0
2567572789,28.0,0.062299088,0.0,28.0,784.0
2560456506,28.0,0.06444637,0.0,28.0,784.0
2190807514,29.0,4.6359553,5.0,24.0,576.0
2383705587,29.0,4.763615,5.0,24.0,576.0
581909835,29.0,4.1394057,4.0,25.0,625.0
2535448755,29.0,0.06376584,0.0,29.0,841.0
2529099889,30.0,0.06532309,0.0,30.0,900.0
2417093141,30.0,4.568628,5.0,25.0,625.0
2606995087,30.0,0.06311863,0.0,30.0,900.0
2242436117,30.0,4.8395495,5.0,25.0,625.0
2372354880,30.0,4.795318,5.0,25.0,625.0
2304833828,30.0,4.618113,5.0,25.0,625.0
2505568622,31.0,0.062435962,0.0,31.0,961.0
2414945067,31.0,4.8025556,5.0,26.0,676.0
2560114774,31.0,0.062928446,0.0,31.0,961.0
2119996477,32.0,4.7837377,5.0,27.0,729.0
2467590066,32.0,0.06452143,0.0,32.0,1024.0
1122747911,32.0,4.7028823,5.0,27.0,729.0
2212185378,32.0,4.746735,5.0,27.0,729.0
2039321415,32.0,4.6460423,5.0,27.0,729.0
2196980436,32.0,4.7873282,5.0,27.0,729.0
2208146908,32.0,4.7411427,5.0,27.0,729.0
2562768621,32.0,0.06417708,0.0,32.0,1024.0
2529871161,32.0,0.062355094,0.0,32.0,1024.0
2512721731,33.0,0.064138584,0.0,33.0,1089.0
1898816785,33.0,2.3492844,2.0,31.0,961.0
2472574616,33.0,0.0667274,0.0,33.0,1089.0
2309765511,33.0,4.7098804,5.0,28.0,784.0
2428176780,33.0,4.7943864,5.0,28.0,784.0
2507521514,34.0,0.063249156,0.0,34.0,1156.0
2331026739,34.0,4.6117463,5.0,29.0,841.0
2471167963,35.0,0.06706661,0.0,35.0,1225.0
2468686362,35.0,0.06422527,0.0,35.0,1225.0
2467025135,35.0,0.06273292,0.0,35.0,1225.0
2559756649,35.0,0.064923905,0.0,35.0,1225.0
2519635365,35.0,0.06412071,0.0,35.0,1225.0
2293241141,35.0,4.8412538,5.0,30.0,900.0
2487729805,36.0,0.06178903,0.0,36.0,1296.0
2495073506,36.0,0.06410648,0.0,36.0,1296.0
2546505835,36.0,0.063672625,0.0,36.0,1296.0
2317753591,37.0,4.7770877,5.0,32.0,1024.0
2557272886,37.0,0.063867904,0.0,37.0,1369.0
1150241985,37.0,4.599286,5.0,32.0,1024.0
2508791046,38.0,0.06273028,0.0,38.0,1444.0
323139939,38.0,4.6656795,5.0,33.0,1089.0
2284767704,38.0,4.7391906,5.0,33.0,1089.0
2340036011,38.0,4.764107,5.0,33.0,1089.0
2394501606,38.0,4.7577415,5.0,33.0,1089.0
2461485429,39.0,0.06432404,0.0,39.0,1521.0
2569759232,40.0,0.06346668,0.0,40.0,1600.0
2542180745,40.0,0.06463056,0.0,40.0,1600.0
2321929654,40.0,4.6297507,5.0,35.0,1225.0
2558358353,41.0,0.063965954,0.0,41.0,1681.0
2175972072,42.0,4.668714,5.0,37.0,1369.0
2470352271,42.0,0.063856356,0.0,42.0,1764.0
2555167348,43.0,0.063645124,0.0,43.0,1849.0
2369185006,43.0,4.7212768,5.0,38.0,1444.0
2407570532,44.0,4.621223,5.0,39.0,1521.0
2597557659,44.0,0.063171506,0.0,44.0,1936.0
2552790307,45.0,0.064273454,0.0,45.0,2025.0
2341477109,48.0,4.7081103,5.0,43.0,1849.0
2508780872,48.0,0.06603846,0.0,48.0,2304.0
2345341556,49.0,4.751675,5.0,44.0,1936.0
2526364608,50.0,0.065192446,0.0,50.0,2500.0
2484818430,50.0,0.06461595,0.0,50.0,2500.0
2406374036,52.0,4.7038913,5.0,47.0,2209.0
2239559987,53.0,4.7159333,5.0,48.0,2304.0
2562320495,57.0,0.06381922,0.0,57.0,3249.0
2059504712,57.0,4.599561,5.0,52.0,2704.0
2517568151,58.0,0.0632468,0.0,58.0,3364.0
2345898145,58.0,4.485667,4.0,54.0,2916.0
2042097781,60.0,4.8110137,5.0,55.0,3025.0
2290192103,62.0,4.8226514,5.0,57.0,3249.0
2426142485,63.0,4.784041,5.0,58.0,3364.0
2337785657,64.0,4.82604,5.0,59.0,3481.0
2297407869,68.0,4.6879296,5.0,63.0,3969.0
2493930512,71.0,0.06526658,0.0,71.0,5041.0
2143517183,71.0,4.8217607,5.0,66.0,4356.0
2258525320,72.0,4.7828774,5.0,67.0,4489.0
2491094256,73.0,0.062796906,0.0,73.0,5329.0
2339175184,77.0,4.8140025,5.0,72.0,5184.0
2800223378,78.0,0.06430917,0.0,78.0,6084.0
2601934351,79.0,0.06373136,0.0,79.0,6241.0
2501590775,85.0,0.06366363,0.0,85.0,7225.0
2531245176,86.0,0.06272823,0.0,86.0,7396.0
2465426626,90.0,0.06292385,0.0,90.0,8100.0
2568510512,100.0,0.06477134,0.0,100.0,10000.0
2481219889,105.0,0.06426421,0.0,105.0,11025.0
2275749580,130.0,4.810737,5.0,125.0,15625.0
2570523670,146.0,0.06346817,0.0,146.0,21316.0
1938775905,209.0,4.814482,5.0,204.0,41616.0
